대여일자,대여소명,대여건수합계
2019-01-01,1302. 한성대입구역6번출구 뒤,201
2019-01-01,1303. 돈암초교 입구,357
2019-01-01,1304. 만해공원,112
2019-01-01,1305. 성북구청,2
2019-01-01,1306. 한성대입구역2번출구,443
2019-01-01,1308. 안암로터리 버스정류장 앞,1610
2019-01-01,1313. 정릉교회 앞,139
2019-01-01,1314. 정릉꿈에그린1단지 201동 앞,101
2019-01-01,1315. 고려사대부속중고 정문,68
2019-01-01,1316. 고려사대부속중고 건너편,88
2019-01-01,1317. 정릉동 교통광장,22
2019-01-01,1318. 길음역 3번출구 뒤,283
2019-01-01,1319. 종암사거리 분수대,409
2019-01-01,1320. LG베스트샵 종암점,359
2019-01-01,1321. 국민은행 종암동지점 앞,545
2019-01-01,1322. 래미안라센트아파트 103동 앞,365
2019-01-01,1323. 월곡역 입구 육교 밑,242
2019-01-01,1325. 상월곡역 4번출구,238
2019-01-01,1326. 상월곡역 1번출구,204
2019-01-01,1327. 상월곡역 3번출구,221
2019-01-01,1328. 월곡역 3번출구,488
2019-01-01,1332. 석계역 5번출구 건너편,346
2019-01-01,1333. 석관초등학교 앞,253
2019-01-01,1334. 석관동주민센터 앞,156
2019-01-01,1336. 성북3교 위,439
2019-01-01,1337. 돈암성당 옆,731
2019-01-01,1338. 용문2교 옆,314
2019-01-01,1339. 삼성전자서비스 성북센터,284
2019-01-01,1340. 광운초등학교 앞,56
2019-01-01,1342. 성북쉼터 앞,138
2019-01-01,1343. 한성대7번출구 앞,245
2019-01-01,1344. 아리랑시네센터 앞,298
2019-01-01,1346. 길음8골어린이공원 옆,327
2019-01-01,1347. 길음래미안아파트817동 상가 앞,155
2019-01-01,1348. 성북제일새마을금고 본점 앞,144
2019-01-01,1349. 월계2교 버스정류장 앞,42
2019-01-01,1351. 안암2교 옆,510
2019-01-01,1352. e 편한세상 보문아파트 내,135
2019-01-01,1353. 금호어울림센터힐 내,90
2019-01-01,1354. 고려대학교 2번출구,452
2019-01-01,1355. 보문2교,472
2019-01-01,1357. 북한산보국문역,132
2019-01-01,1358. 정릉도서관 앞,185
2019-01-01,1359. 장위뉴타운 꿈에 숲 코오롱 하늘채 앞,162
2019-01-01,1360. 정릉역,114
2019-01-01,1361. 홍익중고 입구,297
2019-01-01,1362. 보문역6번출구 앞,260
2019-01-01,1363. 보문4교 인근,398
2019-01-01,1364. 성북동 치안센터 앞,167
2019-01-01,1365. 선잠단지 앞,68
2019-01-01,1366. 일신초등학교 옆,41
2019-01-01,1367. 길음문화복합미디어센터,131
2019-01-01,1368. 성신여대입구 교차로,200
2019-01-01,1369. 미아사거리,196
2019-01-01,1370. 복자사랑 피정의 집,110
2019-01-01,1372. KEB은행 고대점,611
2019-01-01,1373. 성북구보건소 건너편,216
2019-01-01,1375. 생명의 전화 종합복지관 앞 교차로,199
2019-02-01,1302. 한성대입구역6번출구 뒤,185
2019-02-01,1303. 돈암초교 입구,328
2019-02-01,1304. 만해공원,89
2019-02-01,1305. 성북구청,179
2019-02-01,1306. 한성대입구역2번출구,488
2019-02-01,1308. 안암로터리 버스정류장 앞,1382
2019-02-01,1313. 정릉교회 앞,122
2019-02-01,1314. 정릉꿈에그린1단지 201동 앞,82
2019-02-01,1315. 고려사대부속중고 정문,72
2019-02-01,1316. 고려사대부속중고 건너편,109
2019-02-01,1317. 정릉동 교통광장,26
2019-02-01,1318. 길음역 3번출구 뒤,243
2019-02-01,1319. 종암사거리 분수대,351
2019-02-01,1320. LG베스트샵 종암점,343
2019-02-01,1321. 국민은행 종암동지점 앞,489
2019-02-01,1322. 래미안라센트아파트 103동 앞,267
2019-02-01,1323. 월곡역 입구 육교 밑,203
2019-02-01,1325. 상월곡역 4번출구,179
2019-02-01,1326. 상월곡역 1번출구,203
2019-02-01,1327. 상월곡역 3번출구,204
2019-02-01,1328. 월곡역 3번출구,517
2019-02-01,1332. 석계역 5번출구 건너편,346
2019-02-01,1333. 석관초등학교 앞,272
2019-02-01,1334. 석관동주민센터 앞,204
2019-02-01,1336. 성북3교 위,384
2019-02-01,1337. 돈암성당 옆,679
2019-02-01,1338. 용문2교 옆,275
2019-02-01,1339. 삼성전자서비스 성북센터,244
2019-02-01,1340. 광운초등학교 앞,72
2019-02-01,1342. 성북쉼터 앞,136
2019-02-01,1343. 한성대7번출구 앞,231
2019-02-01,1344. 아리랑시네센터 앞,256
2019-02-01,1346. 길음8골어린이공원 옆,277
2019-02-01,1347. 길음래미안아파트817동 상가 앞,117
2019-02-01,1348. 성북제일새마을금고 본점 앞,127
2019-02-01,1349. 월계2교 버스정류장 앞,64
2019-02-01,1351. 안암2교 옆,417
2019-02-01,1352. e 편한세상 보문아파트 내,132
2019-02-01,1353. 금호어울림센터힐 내,76
2019-02-01,1354. 고려대학교 2번출구,417
2019-02-01,1355. 보문2교,387
2019-02-01,1357. 북한산보국문역,118
2019-02-01,1358. 정릉도서관 앞,132
2019-02-01,1359. 장위뉴타운 꿈에 숲 코오롱 하늘채 앞,124
2019-02-01,1360. 정릉역,91
2019-02-01,1361. 홍익중고 입구,296
2019-02-01,1362. 보문역6번출구 앞,287
2019-02-01,1363. 보문4교 인근,386
2019-02-01,1364. 성북동 치안센터 앞,171
2019-02-01,1365. 선잠단지 앞,48
2019-02-01,1366. 일신초등학교 옆,54
2019-02-01,1367. 길음문화복합미디어센터,67
2019-02-01,1368. 성신여대입구 교차로,202
2019-02-01,1369. 미아사거리,214
2019-02-01,1370. 복자사랑 피정의 집,97
2019-02-01,1372. KEB은행 고대점,517
2019-02-01,1373. 성북구보건소 건너편,171
2019-02-01,1375. 생명의 전화 종합복지관 앞 교차로,205
2019-03-01,1302. 한성대입구역6번출구 뒤,351
2019-03-01,1303. 돈암초교 입구,620
2019-03-01,1304. 만해공원,202
2019-03-01,1305. 성북구청,479
2019-03-01,1306. 한성대입구역2번출구,913
2019-03-01,1308. 안암로터리 버스정류장 앞,3034
2019-03-01,1313. 정릉교회 앞,204
2019-03-01,1314. 정릉꿈에그린1단지 201동 앞,188
2019-03-01,1315. 고려사대부속중고 정문,262
2019-03-01,1316. 고려사대부속중고 건너편,305
2019-03-01,1317. 정릉동 교통광장,53
2019-03-01,1318. 길음역 3번출구 뒤,630
2019-03-01,1319. 종암사거리 분수대,742
2019-03-01,1320. LG베스트샵 종암점,880
2019-03-01,1321. 국민은행 종암동지점 앞,1187
2019-03-01,1322. 래미안라센트아파트 103동 앞,448
2019-03-01,1323. 월곡역 입구 육교 밑,378
2019-03-01,1325. 상월곡역 4번출구,316
2019-03-01,1326. 상월곡역 1번출구,380
2019-03-01,1327. 상월곡역 3번출구,337
2019-03-01,1328. 월곡역 3번출구,1027
2019-03-01,1332. 석계역 5번출구 건너편,705
2019-03-01,1333. 석관초등학교 앞,525
2019-03-01,1334. 석관동주민센터 앞,384
2019-03-01,1336. 성북3교 위,750
2019-03-01,1337. 돈암성당 옆,1365
2019-03-01,1338. 용문2교 옆,683
2019-03-01,1339. 삼성전자서비스 성북센터,454
2019-03-01,1340. 광운초등학교 앞,179
2019-03-01,1342. 성북쉼터 앞,160
2019-03-01,1343. 한성대7번출구 앞,475
2019-03-01,1344. 아리랑시네센터 앞,382
2019-03-01,1346. 길음8골어린이공원 옆,529
2019-03-01,1347. 길음래미안아파트817동 상가 앞,275
2019-03-01,1348. 성북제일새마을금고 본점 앞,275
2019-03-01,1349. 월계2교 버스정류장 앞,131
2019-03-01,1351. 안암2교 옆,815
2019-03-01,1352. e 편한세상 보문아파트 내,262
2019-03-01,1353. 금호어울림센터힐 내,163
2019-03-01,1354. 고려대학교 2번출구,1284
2019-03-01,1355. 보문2교,902
2019-03-01,1357. 북한산보국문역,247
2019-03-01,1358. 정릉도서관 앞,284
2019-03-01,1359. 장위뉴타운 꿈에 숲 코오롱 하늘채 앞,252
2019-03-01,1360. 정릉역,183
2019-03-01,1361. 홍익중고 입구,579
2019-03-01,1362. 보문역6번출구 앞,572
2019-03-01,1363. 보문4교 인근,788
2019-03-01,1364. 성북동 치안센터 앞,372
2019-03-01,1365. 선잠단지 앞,157
2019-03-01,1366. 일신초등학교 옆,151
2019-03-01,1367. 길음문화복합미디어센터,198
2019-03-01,1368. 성신여대입구 교차로,538
2019-03-01,1369. 미아사거리,451
2019-03-01,1370. 복자사랑 피정의 집,198
2019-03-01,1372. KEB은행 고대점,1292
2019-03-01,1373. 성북구보건소 건너편,381
2019-03-01,1375. 생명의 전화 종합복지관 앞 교차로,418
2019-04-01,1302. 한성대입구역6번출구 뒤,548
2019-04-01,1303. 돈암초교 입구,932
2019-04-01,1304. 만해공원,282
2019-04-01,1305. 성북구청,774
2019-04-01,1306. 한성대입구역2번출구,1381
2019-04-01,1308. 안암로터리 버스정류장 앞,3926
2019-04-01,1313. 정릉교회 앞,320
2019-04-01,1314. 정릉꿈에그린1단지 201동 앞,268
2019-04-01,1315. 고려사대부속중고 정문,458
2019-04-01,1316. 고려사대부속중고 건너편,353
2019-04-01,1317. 정릉동 교통광장,5
2019-04-01,1318. 길음역 3번출구 뒤,1032
2019-04-01,1319. 종암사거리 분수대,1232
2019-04-01,1320. LG베스트샵 종암점,1258
2019-04-01,1321. 국민은행 종암동지점 앞,1740
2019-04-01,1322. 래미안라센트아파트 103동 앞,622
2019-04-01,1323. 월곡역 입구 육교 밑,542
2019-04-01,1325. 상월곡역 4번출구,380
2019-04-01,1326. 상월곡역 1번출구,567
2019-04-01,1327. 상월곡역 3번출구,487
2019-04-01,1328. 월곡역 3번출구,1544
2019-04-01,1332. 석계역 5번출구 건너편,1250
2019-04-01,1333. 석관초등학교 앞,820
2019-04-01,1334. 석관동주민센터 앞,480
2019-04-01,1336. 성북3교 위,1224
2019-04-01,1337. 돈암성당 옆,2150
2019-04-01,1338. 용문2교 옆,854
2019-04-01,1339. 삼성전자서비스 성북센터,693
2019-04-01,1340. 광운초등학교 앞,357
2019-04-01,1342. 성북쉼터 앞,218
2019-04-01,1343. 한성대7번출구 앞,619
2019-04-01,1344. 아리랑시네센터 앞,586
2019-04-01,1346. 길음8골어린이공원 옆,869
2019-04-01,1347. 길음래미안아파트817동 상가 앞,385
2019-04-01,1348. 성북제일새마을금고 본점 앞,446
2019-04-01,1349. 월계2교 버스정류장 앞,347
2019-04-01,1351. 안암2교 옆,1174
2019-04-01,1352. e 편한세상 보문아파트 내,321
2019-04-01,1353. 금호어울림센터힐 내,203
2019-04-01,1354. 고려대학교 2번출구,1775
2019-04-01,1355. 보문2교,1614
2019-04-01,1357. 북한산보국문역,483
2019-04-01,1358. 정릉도서관 앞,359
2019-04-01,1359. 장위뉴타운 꿈에 숲 코오롱 하늘채 앞,492
2019-04-01,1360. 정릉역,286
2019-04-01,1361. 홍익중고 입구,759
2019-04-01,1362. 보문역6번출구 앞,861
2019-04-01,1363. 보문4교 인근,1086
2019-04-01,1364. 성북동 치안센터 앞,442
2019-04-01,1365. 선잠단지 앞,192
2019-04-01,1366. 일신초등학교 옆,246
2019-04-01,1367. 길음문화복합미디어센터,327
2019-04-01,1368. 성신여대입구 교차로,835
2019-04-01,1369. 미아사거리,703
2019-04-01,1370. 복자사랑 피정의 집,248
2019-04-01,1372. KEB은행 고대점,1883
2019-04-01,1373. 성북구보건소 건너편,454
2019-04-01,1375. 생명의 전화 종합복지관 앞 교차로,639
2019-05-01,1302. 한성대입구역6번출구 뒤,860
2019-05-01,1303. 돈암초교 입구,1302
2019-05-01,1304. 만해공원,324
2019-05-01,1305. 성북구청,1268
2019-05-01,1306. 한성대입구역2번출구,2011
2019-05-01,1308. 안암로터리 버스정류장 앞,5820
2019-05-01,1313. 정릉교회 앞,493
2019-05-01,1314. 정릉꿈에그린1단지 201동 앞,434
2019-05-01,1315. 고려사대부속중고 정문,697
2019-05-01,1316. 고려사대부속중고 건너편,591
2019-05-01,1318. 길음역 3번출구 뒤,1441
2019-05-01,1319. 종암사거리 분수대,1999
2019-05-01,1320. LG베스트샵 종암점,1811
2019-05-01,1321. 국민은행 종암동지점 앞,2419
2019-05-01,1322. 래미안라센트아파트 103동 앞,1003
2019-05-01,1323. 월곡역 입구 육교 밑,778
2019-05-01,1325. 상월곡역 4번출구,510
2019-05-01,1326. 상월곡역 1번출구,863
2019-05-01,1327. 상월곡역 3번출구,856
2019-05-01,1328. 월곡역 3번출구,2364
2019-05-01,1332. 석계역 5번출구 건너편,1954
2019-05-01,1333. 석관초등학교 앞,1325
2019-05-01,1334. 석관동주민센터 앞,826
2019-05-01,1336. 성북3교 위,2004
2019-05-01,1337. 돈암성당 옆,3533
2019-05-01,1338. 용문2교 옆,1203
2019-05-01,1339. 삼성전자서비스 성북센터,1093
2019-05-01,1340. 광운초등학교 앞,554
2019-05-01,1342. 성북쉼터 앞,264
2019-05-01,1343. 한성대7번출구 앞,783
2019-05-01,1344. 아리랑시네센터 앞,659
2019-05-01,1346. 길음8골어린이공원 옆,1101
2019-05-01,1347. 길음래미안아파트817동 상가 앞,552
2019-05-01,1348. 성북제일새마을금고 본점 앞,651
2019-05-01,1349. 월계2교 버스정류장 앞,539
2019-05-01,1351. 안암2교 옆,1815
2019-05-01,1352. e 편한세상 보문아파트 내,456
2019-05-01,1353. 금호어울림센터힐 내,274
2019-05-01,1354. 고려대학교 2번출구,2606
2019-05-01,1355. 보문2교,2681
2019-05-01,1357. 북한산보국문역,694
2019-05-01,1358. 정릉도서관 앞,569
2019-05-01,1359. 장위뉴타운 꿈에 숲 코오롱 하늘채 앞,818
2019-05-01,1360. 정릉역,436
2019-05-01,1361. 홍익중고 입구,1189
2019-05-01,1362. 보문역6번출구 앞,1382
2019-05-01,1363. 보문4교 인근,1646
2019-05-01,1364. 성북동 치안센터 앞,646
2019-05-01,1365. 선잠단지 앞,342
2019-05-01,1366. 일신초등학교 옆,305
2019-05-01,1367. 길음문화복합미디어센터,517
2019-05-01,1368. 성신여대입구 교차로,1433
2019-05-01,1369. 미아사거리,1187
2019-05-01,1370. 복자사랑 피정의 집,368
2019-05-01,1372. KEB은행 고대점,2815
2019-05-01,1373. 성북구보건소 건너편,721
2019-05-01,1375. 생명의 전화 종합복지관 앞 교차로,1160
2019-05-01,1376. 한국과학기술연구원 중문,61
2019-05-01,1377. 한국과학기술연구원 북문,69
2019-06-01,1302. 한성대입구역6번출구 뒤,830
2019-06-01,1303. 돈암초교 입구,1361
2019-06-01,1304. 만해공원,326
2019-06-01,1305. 성북구청,1264
2019-06-01,1306. 한성대입구역2번출구,2032
2019-06-01,1308. 안암로터리 버스정류장 앞,6445
2019-06-01,1313. 정릉교회 앞,593
2019-06-01,1314. 정릉꿈에그린1단지 201동 앞,487
2019-06-01,1315. 고려사대부속중고 정문,591
2019-06-01,1316. 고려사대부속중고 건너편,584
2019-06-01,1318. 길음역 3번출구 뒤,1522
2019-06-01,1319. 종암사거리 분수대,2293
2019-06-01,1320. LG베스트샵 종암점,2220
2019-06-01,1321. 국민은행 종암동지점 앞,2721
2019-06-01,1322. 래미안라센트아파트 103동 앞,1119
2019-06-01,1323. 월곡역 입구 육교 밑,902
2019-06-01,1325. 상월곡역 4번출구,675
2019-06-01,1326. 상월곡역 1번출구,783
2019-06-01,1327. 상월곡역 3번출구,1097
2019-06-01,1328. 월곡역 3번출구,2569
2019-06-01,1332. 석계역 5번출구 건너편,1980
2019-06-01,1333. 석관초등학교 앞,1676
2019-06-01,1334. 석관동주민센터 앞,819
2019-06-01,1336. 성북3교 위,2058
2019-06-01,1337. 돈암성당 옆,3873
2019-06-01,1338. 용문2교 옆,1323
2019-06-01,1339. 삼성전자서비스 성북센터,1280
2019-06-01,1340. 광운초등학교 앞,550
2019-06-01,1342. 성북쉼터 앞,231
2019-06-01,1343. 한성대7번출구 앞,756
2019-06-01,1344. 아리랑시네센터 앞,696
2019-06-01,1346. 길음8골어린이공원 옆,1104
2019-06-01,1347. 길음래미안아파트817동 상가 앞,531
2019-06-01,1348. 성북제일새마을금고 본점 앞,614
2019-06-01,1349. 월계2교 버스정류장 앞,522
2019-06-01,1351. 안암2교 옆,1980
2019-06-01,1352. e 편한세상 보문아파트 내,427
2019-06-01,1353. 금호어울림센터힐 내,360
2019-06-01,1354. 고려대학교 2번출구,2649
2019-06-01,1355. 보문2교,2694
2019-06-01,1357. 북한산보국문역,676
2019-06-01,1358. 정릉도서관 앞,686
2019-06-01,1359. 장위뉴타운 꿈에 숲 코오롱 하늘채 앞,831
2019-06-01,1360. 정릉역,443
2019-06-01,1361. 홍익중고 입구,1337
2019-06-01,1362. 보문역6번출구 앞,1666
2019-06-01,1363. 보문4교 인근,2151
2019-06-01,1364. 성북동 치안센터 앞,641
2019-06-01,1365. 선잠단지 앞,324
2019-06-01,1366. 일신초등학교 옆,378
2019-06-01,1367. 길음문화복합미디어센터,536
2019-06-01,1368. 성신여대입구 교차로,1397
2019-06-01,1369. 미아사거리,1393
2019-06-01,1370. 복자사랑 피정의 집,417
2019-06-01,1372. KEB은행 고대점,2728
2019-06-01,1373. 성북구보건소 건너편,810
2019-06-01,1375. 생명의 전화 종합복지관 앞 교차로,1438
2019-06-01,1376. 한국과학기술연구원 중문,278
2019-06-01,1377. 한국과학기술연구원 북문,287
2019-07-01,1302. 한성대입구역6번출구 뒤,829
2019-07-01,1303. 돈암초교 입구,1404
2019-07-01,1304. 만해공원,368
2019-07-01,1305. 성북구청,1181
2019-07-01,1306. 한성대입구역2번출구,1898
2019-07-01,1308. 안암로터리 버스정류장 앞,6119
2019-07-01,1313. 정릉교회 앞,474
2019-07-01,1314. 정릉꿈에그린1단지 201동 앞,415
2019-07-01,1315. 고려사대부속중고 정문,650
2019-07-01,1316. 고려사대부속중고 건너편,481
2019-07-01,1318. 길음역 3번출구 뒤,1510
2019-07-01,1319. 종암사거리 분수대,2161
2019-07-01,1320. LG베스트샵 종암점,1966
2019-07-01,1321. 국민은행 종암동지점 앞,2603
2019-07-01,1322. 래미안라센트아파트 103동 앞,1045
2019-07-01,1323. 월곡역 입구 육교 밑,849
2019-07-01,1325. 상월곡역 4번출구,676
2019-07-01,1326. 상월곡역 1번출구,873
2019-07-01,1327. 상월곡역 3번출구,1076
2019-07-01,1328. 월곡역 3번출구,2388
2019-07-01,1332. 석계역 5번출구 건너편,1896
2019-07-01,1333. 석관초등학교 앞,1536
2019-07-01,1334. 석관동주민센터 앞,756
2019-07-01,1336. 성북3교 위,1888
2019-07-01,1337. 돈암성당 옆,3329
2019-07-01,1338. 용문2교 옆,1088
2019-07-01,1339. 삼성전자서비스 성북센터,1180
2019-07-01,1340. 광운초등학교 앞,553
2019-07-01,1342. 성북쉼터 앞,253
2019-07-01,1343. 한성대7번출구 앞,811
2019-07-01,1344. 아리랑시네센터 앞,701
2019-07-01,1346. 길음8골어린이공원 옆,1021
2019-07-01,1347. 길음래미안아파트817동 상가 앞,554
2019-07-01,1348. 성북제일새마을금고 본점 앞,558
2019-07-01,1349. 월계2교 버스정류장 앞,439
2019-07-01,1351. 안암2교 옆,1890
2019-07-01,1352. e 편한세상 보문아파트 내,454
2019-07-01,1353. 금호어울림센터힐 내,309
2019-07-01,1354. 고려대학교 2번출구,2218
2019-07-01,1355. 보문2교,2157
2019-07-01,1357. 북한산보국문역,724
2019-07-01,1358. 정릉도서관 앞,522
2019-07-01,1359. 장위뉴타운 꿈에 숲 코오롱 하늘채 앞,816
2019-07-01,1360. 정릉역,457
2019-07-01,1361. 홍익중고 입구,1291
2019-07-01,1362. 보문역6번출구 앞,1452
2019-07-01,1363. 보문4교 인근,2135
2019-07-01,1364. 성북동 치안센터 앞,650
2019-07-01,1365. 선잠단지 앞,318
2019-07-01,1366. 일신초등학교 옆,334
2019-07-01,1367. 길음문화복합미디어센터,518
2019-07-01,1368. 성신여대입구 교차로,1211
2019-07-01,1369. 미아사거리,1133
2019-07-01,1370. 복자사랑 피정의 집,515
2019-07-01,1372. KEB은행 고대점,2617
2019-07-01,1373. 성북구보건소 건너편,731
2019-07-01,1375. 생명의 전화 종합복지관 앞 교차로,1346
2019-07-01,1376. 한국과학기술연구원 중문,340
2019-07-01,1377. 한국과학기술연구원 북문,390
2019-08-01,1302. 한성대입구역6번출구 뒤,811
2019-08-01,1303. 돈암초교 입구,1334
2019-08-01,1304. 만해공원,425
2019-08-01,1305. 성북구청,968
2019-08-01,1306. 한성대입구역2번출구,1800
2019-08-01,1308. 안암로터리 버스정류장 앞,5810
2019-08-01,1313. 정릉교회 앞,530
2019-08-01,1314. 정릉꿈에그린1단지 201동 앞,378
2019-08-01,1315. 고려사대부속중고 정문,545
2019-08-01,1316. 고려사대부속중고 건너편,494
2019-08-01,1318. 길음역 3번출구 뒤,1288
2019-08-01,1319. 종암사거리 분수대,2013
2019-08-01,1320. LG베스트샵 종암점,1884
2019-08-01,1321. 국민은행 종암동지점 앞,2563
2019-08-01,1322. 래미안라센트아파트 103동 앞,1047
2019-08-01,1323. 월곡역 입구 육교 밑,801
2019-08-01,1325. 상월곡역 4번출구,584
2019-08-01,1326. 상월곡역 1번출구,842
2019-08-01,1327. 상월곡역 3번출구,962
2019-08-01,1328. 월곡역 3번출구,2254
2019-08-01,1332. 석계역 5번출구 건너편,1860
2019-08-01,1333. 석관초등학교 앞,1480
2019-08-01,1334. 석관동주민센터 앞,843
2019-08-01,1336. 성북3교 위,1768
2019-08-01,1337. 돈암성당 옆,3015
2019-08-01,1338. 용문2교 옆,1137
2019-08-01,1339. 삼성전자서비스 성북센터,1207
2019-08-01,1342. 성북쉼터 앞,263
2019-08-01,1343. 한성대7번출구 앞,829
2019-08-01,1344. 아리랑시네센터 앞,660
2019-08-01,1346. 길음8골어린이공원 옆,906
2019-08-01,1347. 길음래미안아파트817동 상가 앞,427
2019-08-01,1348. 성북제일새마을금고 본점 앞,472
2019-08-01,1349. 월계2교 버스정류장 앞,539
2019-08-01,1351. 안암2교 옆,1854
2019-08-01,1352. e 편한세상 보문아파트 내,399
2019-08-01,1353. 금호어울림센터힐 내,320
2019-08-01,1354. 고려대학교 2번출구,2131
2019-08-01,1355. 보문2교,2099
2019-08-01,1357. 북한산보국문역,614
2019-08-01,1358. 정릉도서관 앞,566
2019-08-01,1359. 장위뉴타운 꿈에 숲 코오롱 하늘채 앞,849
2019-08-01,1360. 정릉역,370
2019-08-01,1361. 홍익중고 입구,1254
2019-08-01,1362. 보문역6번출구 앞,1383
2019-08-01,1363. 보문4교 인근,1930
2019-08-01,1364. 성북동 치안센터 앞,672
2019-08-01,1365. 선잠단지 앞,268
2019-08-01,1366. 일신초등학교 옆,357
2019-08-01,1367. 길음문화복합미디어센터,423
2019-08-01,1368. 성신여대입구 교차로,1137
2019-08-01,1369. 미아사거리,1053
2019-08-01,1370. 복자사랑 피정의 집,518
2019-08-01,1372. KEB은행 고대점,2361
2019-08-01,1373. 성북구보건소 건너편,755
2019-08-01,1375. 생명의 전화 종합복지관 앞 교차로,1302
2019-08-01,1376. 한국과학기술연구원 중문,292
2019-08-01,1377. 한국과학기술연구원 북문,367
2019-09-01,1302. 한성대입구역6번출구 뒤,749
2019-09-01,1303. 돈암초교 입구,1300
2019-09-01,1304. 만해공원,324
2019-09-01,1305. 성북구청,1010
2019-09-01,1306. 한성대입구역2번출구,1891
2019-09-01,1308. 안암로터리 버스정류장 앞,6057
2019-09-01,1313. 정릉교회 앞,508
2019-09-01,1314. 정릉꿈에그린1단지 201동 앞,371
2019-09-01,1315. 고려사대부속중고 정문,447
2019-09-01,1316. 고려사대부속중고 건너편,498
2019-09-01,1318. 길음역 3번출구 뒤,1222
2019-09-01,1319. 종암사거리 분수대,2155
2019-09-01,1320. LG베스트샵 종암점,2111
2019-09-01,1321. 국민은행 종암동지점 앞,2902
2019-09-01,1322. 래미안라센트아파트 103동 앞,1049
2019-09-01,1323. 월곡역 입구 육교 밑,807
2019-09-01,1325. 상월곡역 4번출구,567
2019-09-01,1326. 상월곡역 1번출구,889
2019-09-01,1327. 상월곡역 3번출구,1064
2019-09-01,1328. 월곡역 3번출구,2551
2019-09-01,1332. 석계역 5번출구 건너편,2157
2019-09-01,1333. 석관초등학교 앞,1619
2019-09-01,1334. 석관동주민센터 앞,881
2019-09-01,1336. 성북3교 위,1750
2019-09-01,1337. 돈암성당 옆,3153
2019-09-01,1338. 용문2교 옆,1170
2019-09-01,1339. 삼성전자서비스 성북센터,1217
2019-09-01,1340. 광운초등학교 앞,73
2019-09-01,1342. 성북쉼터 앞,244
2019-09-01,1343. 한성대7번출구 앞,592
2019-09-01,1344. 아리랑시네센터 앞,549
2019-09-01,1346. 길음8골어린이공원 옆,898
2019-09-01,1347. 길음래미안아파트817동 상가 앞,507
2019-09-01,1348. 성북제일새마을금고 본점 앞,493
2019-09-01,1349. 월계2교 버스정류장 앞,637
2019-09-01,1351. 안암2교 옆,1918
2019-09-01,1352. e 편한세상 보문아파트 내,324
2019-09-01,1353. 금호어울림센터힐 내,368
2019-09-01,1354. 고려대학교 2번출구,2456
2019-09-01,1355. 보문2교,2470
2019-09-01,1357. 북한산보국문역,621
2019-09-01,1358. 정릉도서관 앞,611
2019-09-01,1359. 장위뉴타운 꿈에 숲 코오롱 하늘채 앞,759
2019-09-01,1360. 정릉역,446
2019-09-01,1361. 홍익중고 입구,765
2019-09-01,1362. 보문역6번출구 앞,1419
2019-09-01,1363. 보문4교 인근,1886
2019-09-01,1364. 성북동 치안센터 앞,716
2019-09-01,1365. 선잠단지 앞,371
2019-09-01,1366. 일신초등학교 옆,410
2019-09-01,1367. 길음문화복합미디어센터,472
2019-09-01,1368. 성신여대입구 교차로,1409
2019-09-01,1369. 미아사거리,1281
2019-09-01,1370. 복자사랑 피정의 집,468
2019-09-01,1372. KEB은행 고대점,2704
2019-09-01,1373. 성북구보건소 건너편,878
2019-09-01,1375. 생명의 전화 종합복지관 앞 교차로,1433
2019-09-01,1376. 한국과학기술연구원 중문,305
2019-09-01,1377. 한국과학기술연구원 북문,376
2019-10-01,1302. 한성대입구역6번출구 뒤,881
2019-10-01,1303. 돈암초교 입구,1600
2019-10-01,1304. 만해공원,412
2019-10-01,1305. 성북구청,1213
2019-10-01,1306. 한성대입구역2번출구,2077
2019-10-01,1308. 안암로터리 버스정류장 앞,7181
2019-10-01,1313. 정릉교회 앞,625
2019-10-01,1314. 정릉꿈에그린1단지 201동 앞,374
2019-10-01,1315. 고려사대부속중고 정문,488
2019-10-01,1316. 고려사대부속중고 건너편,517
2019-10-01,1318. 길음역 3번출구 뒤,1642
2019-10-01,1319. 종암사거리 분수대,2613
2019-10-01,1320. LG베스트샵 종암점,2347
2019-10-01,1321. 국민은행 종암동지점 앞,3284
2019-10-01,1322. 래미안라센트아파트 103동 앞,1234
2019-10-01,1323. 월곡역 입구 육교 밑,916
2019-10-01,1325. 상월곡역 4번출구,780
2019-10-01,1326. 상월곡역 1번출구,896
2019-10-01,1327. 상월곡역 3번출구,1334
2019-10-01,1328. 월곡역 3번출구,3038
2019-10-01,1332. 석계역 5번출구 건너편,2298
2019-10-01,1333. 석관초등학교 앞,2018
2019-10-01,1334. 석관동주민센터 앞,1070
2019-10-01,1336. 성북3교 위,1979
2019-10-01,1337. 돈암성당 옆,3608
2019-10-01,1338. 용문2교 옆,1205
2019-10-01,1339. 삼성전자서비스 성북센터,1420
2019-10-01,1340. 광운초등학교 앞,876
2019-10-01,1342. 성북쉼터 앞,215
2019-10-01,1343. 한성대7번출구 앞,749
2019-10-01,1344. 아리랑시네센터 앞,567
2019-10-01,1346. 길음8골어린이공원 옆,1096
2019-10-01,1347. 길음래미안아파트817동 상가 앞,636
2019-10-01,1348. 성북제일새마을금고 본점 앞,613
2019-10-01,1349. 월계2교 버스정류장 앞,696
2019-10-01,1351. 안암2교 옆,2179
2019-10-01,1352. e 편한세상 보문아파트 내,394
2019-10-01,1353. 금호어울림센터힐 내,426
2019-10-01,1354. 고려대학교 2번출구,3216
2019-10-01,1355. 보문2교,2692
2019-10-01,1357. 북한산보국문역,621
2019-10-01,1358. 정릉도서관 앞,643
2019-10-01,1359. 장위뉴타운 꿈에 숲 코오롱 하늘채 앞,839
2019-10-01,1360. 정릉역,537
2019-10-01,1361. 홍익중고 입구,1203
2019-10-01,1362. 보문역6번출구 앞,1647
2019-10-01,1363. 보문4교 인근,2157
2019-10-01,1364. 성북동 치안센터 앞,779
2019-10-01,1365. 선잠단지 앞,328
2019-10-01,1366. 일신초등학교 옆,429
2019-10-01,1367. 길음문화복합미디어센터,482
2019-10-01,1368. 성신여대입구 교차로,1482
2019-10-01,1369. 미아사거리,1461
2019-10-01,1370. 복자사랑 피정의 집,601
2019-10-01,1372. KEB은행 고대점,2898
2019-10-01,1373. 성북구보건소 건너편,917
2019-10-01,1375. 생명의 전화 종합복지관 앞 교차로,1867
2019-10-01,1376. 한국과학기술연구원 중문,379
2019-10-01,1377. 한국과학기술연구원 북문,383
2019-11-01,1302. 한성대입구역6번출구 뒤,581
2019-11-01,1303. 돈암초교 입구,1062
2019-11-01,1304. 만해공원,349
2019-11-01,1305. 성북구청,715
2019-11-01,1306. 한성대입구역2번출구,1448
2019-11-01,1308. 안암로터리 버스정류장 앞,5293
2019-11-01,1313. 정릉교회 앞,54
2019-11-01,1314. 정릉꿈에그린1단지 201동 앞,109
2019-11-01,1315. 고려사대부속중고 정문,306
2019-11-01,1316. 고려사대부속중고 건너편,416
2019-11-01,1318. 길음역 3번출구 뒤,1039
2019-11-01,1319. 종암사거리 분수대,1467
2019-11-01,1320. LG베스트샵 종암점,1524
2019-11-01,1321. 국민은행 종암동지점 앞,2057
2019-11-01,1322. 래미안라센트아파트 103동 앞,812
2019-11-01,1323. 월곡역 입구 육교 밑,577
2019-11-01,1325. 상월곡역 4번출구,441
2019-11-01,1326. 상월곡역 1번출구,598
2019-11-01,1327. 상월곡역 3번출구,905
2019-11-01,1328. 월곡역 3번출구,1905
2019-11-01,1332. 석계역 5번출구 건너편,1266
2019-11-01,1333. 석관초등학교 앞,1192
2019-11-01,1334. 석관동주민센터 앞,710
2019-11-01,1336. 성북3교 위,1237
2019-11-01,1337. 돈암성당 옆,1962
2019-11-01,1338. 용문2교 옆,770
2019-11-01,1339. 삼성전자서비스 성북센터,875
2019-11-01,1340. 광운초등학교 앞,694
2019-11-01,1342. 성북쉼터 앞,151
2019-11-01,1343. 한성대7번출구 앞,547
2019-11-01,1344. 아리랑시네센터 앞,371
2019-11-01,1346. 길음8골어린이공원 옆,827
2019-11-01,1347. 길음래미안아파트817동 상가 앞,354
2019-11-01,1348. 성북제일새마을금고 본점 앞,425
2019-11-01,1349. 월계2교 버스정류장 앞,430
2019-11-01,1351. 안암2교 옆,1475
2019-11-01,1352. e 편한세상 보문아파트 내,306
2019-11-01,1353. 금호어울림센터힐 내,255
2019-11-01,1354. 고려대학교 2번출구,2182
2019-11-01,1355. 보문2교,1369
2019-11-01,1357. 북한산보국문역,365
2019-11-01,1358. 정릉도서관 앞,429
2019-11-01,1359. 장위뉴타운 꿈에 숲 코오롱 하늘채 앞,508
2019-11-01,1360. 정릉역,723
2019-11-01,1361. 홍익중고 입구,711
2019-11-01,1362. 보문역6번출구 앞,940
2019-11-01,1363. 보문4교 인근,1335
2019-11-01,1364. 성북동 치안센터 앞,563
2019-11-01,1365. 선잠단지 앞,276
2019-11-01,1366. 일신초등학교 옆,265
2019-11-01,1367. 길음문화복합미디어센터,357
2019-11-01,1368. 성신여대입구 교차로,900
2019-11-01,1369. 미아사거리,911
2019-11-01,1370. 복자사랑 피정의 집,443
2019-11-01,1372. KEB은행 고대점,706
2019-11-01,1373. 성북구보건소 건너편,569
2019-11-01,1375. 생명의 전화 종합복지관 앞 교차로,1074
2019-11-01,1376. 한국과학기술연구원 중문,235
2019-11-01,1377. 한국과학기술연구원 북문,251
2019-12-01,1302. 한성대입구역6번출구 뒤,369
2019-12-01,1303. 돈암초교 입구,655
2019-12-01,1304. 만해공원,241
2019-12-01,1305. 성북구청,439
2019-12-01,1306. 한성대입구역2번출구,765
2019-12-01,1308. 안암로터리 버스정류장 앞,2860
2019-12-01,1314. 정릉꿈에그린1단지 201동 앞,178
2019-12-01,1315. 고려사대부속중고 정문,202
2019-12-01,1316. 고려사대부속중고 건너편,260
2019-12-01,1318. 길음역 3번출구 뒤,601
2019-12-01,1319. 종암사거리 분수대,885
2019-12-01,1320. LG베스트샵 종암점,754
2019-12-01,1321. 국민은행 종암동지점 앞,1262
2019-12-01,1322. 래미안라센트아파트 103동 앞,588
2019-12-01,1323. 월곡역 입구 육교 밑,329
2019-12-01,1325. 상월곡역 4번출구,313
2019-12-01,1326. 상월곡역 1번출구,365
2019-12-01,1327. 상월곡역 3번출구,570
2019-12-01,1328. 월곡역 3번출구,1164
2019-12-01,1332. 석계역 5번출구 건너편,680
2019-12-01,1333. 석관초등학교 앞,632
2019-12-01,1334. 석관동주민센터 앞,375
2019-12-01,1336. 성북3교 위,675
2019-12-01,1337. 돈암성당 옆,1039
2019-12-01,1338. 용문2교 옆,417
2019-12-01,1339. 삼성전자서비스 성북센터,532
2019-12-01,1340. 광운초등학교 앞,449
2019-12-01,1342. 성북쉼터 앞,134
2019-12-01,1343. 한성대7번출구 앞,429
2019-12-01,1344. 아리랑시네센터 앞,364
2019-12-01,1346. 길음8골어린이공원 옆,511
2019-12-01,1347. 길음래미안아파트817동 상가 앞,260
2019-12-01,1348. 성북제일새마을금고 본점 앞,232
2019-12-01,1349. 월계2교 버스정류장 앞,266
2019-12-01,1351. 안암2교 옆,872
2019-12-01,1352. e 편한세상 보문아파트 내,238
2019-12-01,1353. 금호어울림센터힐 내,203
2019-12-01,1354. 고려대학교 2번출구,1237
2019-12-01,1355. 보문2교,739
2019-12-01,1357. 북한산보국문역,252
2019-12-01,1358. 정릉도서관 앞,246
2019-12-01,1359. 장위뉴타운 꿈에 숲 코오롱 하늘채 앞,265
2019-12-01,1360. 정릉역,360
2019-12-01,1361. 홍익중고 입구,467
2019-12-01,1362. 보문역6번출구 앞,517
2019-12-01,1363. 보문4교 인근,860
2019-12-01,1364. 성북동 치안센터 앞,462
2019-12-01,1365. 선잠단지 앞,129
2019-12-01,1366. 일신초등학교 옆,170
2019-12-01,1367. 길음문화복합미디어센터,202
2019-12-01,1368. 성신여대입구 교차로,498
2019-12-01,1369. 미아사거리,459
2019-12-01,1370. 복자사랑 피정의 집,341
2019-12-01,1372. KEB은행 고대점,1136
2019-12-01,1373. 성북구보건소 건너편,364
2019-12-01,1375. 생명의 전화 종합복지관 앞 교차로,780
2019-12-01,1376. 한국과학기술연구원 중문,147
2019-12-01,1377. 한국과학기술연구원 북문,137
2020-01-01,1302. 한성대입구역6번출구 뒤,355
2020-01-01,1303. 돈암초교 입구,565
2020-01-01,1304. 만해공원,248
2020-01-01,1305. 성북구청,398
2020-01-01,1306. 한성대입구역2번출구,650
2020-01-01,1308. 안암로터리 버스정류장 앞,2111
2020-01-01,1314. 정릉꿈에그린1단지 201동 앞,199
2020-01-01,1315. 고려사대부속중고 정문,131
2020-01-01,1316. 고려사대부속중고 건너편,127
2020-01-01,1318. 길음역 3번출구 뒤,444
2020-01-01,1319. 종암사거리 분수대,805
2020-01-01,1320. LG베스트샵 종암점,656
2020-01-01,1321. 국민은행 종암동지점 앞,896
2020-01-01,1322. 래미안라센트아파트 103동 앞,519
2020-01-01,1323. 월곡역 입구 육교 밑,303
2020-01-01,1325. 상월곡역 4번출구,348
2020-01-01,1326. 상월곡역 1번출구,324
2020-01-01,1327. 상월곡역 3번출구,468
2020-01-01,1328. 월곡역 3번출구,932
2020-01-01,1332. 석계역 5번출구 건너편,613
2020-01-01,1333. 석관초등학교 앞,530
2020-01-01,1334. 석관동주민센터 앞,318
2020-01-01,1336. 성북3교 위,676
2020-01-01,1337. 돈암성당 옆,925
2020-01-01,1338. 용문2교 옆,377
2020-01-01,1339. 삼성전자서비스 성북센터,412
2020-01-01,1340. 광운초등학교 앞,460
2020-01-01,1342. 성북쉼터 앞,144
2020-01-01,1343. 한성대7번출구 앞,381
2020-01-01,1344. 아리랑시네센터 앞,311
2020-01-01,1346. 길음8골어린이공원 옆,440
2020-01-01,1347. 길음래미안아파트817동 상가 앞,192
2020-01-01,1348. 성북제일새마을금고 본점 앞,215
2020-01-01,1349. 월계2교 버스정류장 앞,254
2020-01-01,1351. 안암2교 옆,836
2020-01-01,1352. e 편한세상 보문아파트 내,206
2020-01-01,1353. 금호어울림센터힐 내,203
2020-01-01,1354. 고려대학교 2번출구,831
2020-01-01,1355. 보문2교,628
2020-01-01,1357. 북한산보국문역,223
2020-01-01,1358. 정릉도서관 앞,231
2020-01-01,1359. 장위뉴타운 꿈에 숲 코오롱 하늘채 앞,245
2020-01-01,1360. 정릉역,366
2020-01-01,1361. 홍익중고 입구,414
2020-01-01,1362. 보문역6번출구 앞,434
2020-01-01,1363. 보문4교 인근,797
2020-01-01,1364. 성북동 치안센터 앞,403
2020-01-01,1365. 선잠단지 앞,98
2020-01-01,1366. 일신초등학교 옆,154
2020-01-01,1367. 길음문화복합미디어센터,231
2020-01-01,1368. 성신여대입구 교차로,396
2020-01-01,1369. 미아사거리,473
2020-01-01,1370. 복자사랑 피정의 집,317
2020-01-01,1372. KEB은행 고대점,836
2020-01-01,1373. 성북구보건소 건너편,350
2020-01-01,1375. 생명의 전화 종합복지관 앞 교차로,695
2020-01-01,1376. 한국과학기술연구원 중문,123
2020-01-01,1377. 한국과학기술연구원 북문,119
2020-02-01,1302. 한성대입구역6번출구 뒤,366
2020-02-01,1303. 돈암초교 입구,587
2020-02-01,1304. 만해공원,187
2020-02-01,1305. 성북구청,368
2020-02-01,1306. 한성대입구역2번출구,687
2020-02-01,1308. 안암로터리 버스정류장 앞,2201
2020-02-01,1314. 정릉꿈에그린1단지 201동 앞,178
2020-02-01,1315. 고려사대부속중고 정문,175
2020-02-01,1316. 고려사대부속중고 건너편,146
2020-02-01,1318. 길음역 3번출구 뒤,428
2020-02-01,1319. 종암사거리 분수대,823
2020-02-01,1320. LG베스트샵 종암점,641
2020-02-01,1321. 국민은행 종암동지점 앞,948
2020-02-01,1322. 래미안라센트아파트 103동 앞,475
2020-02-01,1323. 월곡역 입구 육교 밑,276
2020-02-01,1325. 상월곡역 4번출구,240
2020-02-01,1326. 상월곡역 1번출구,373
2020-02-01,1327. 상월곡역 3번출구,386
2020-02-01,1328. 월곡역 3번출구,918
2020-02-01,1332. 석계역 5번출구 건너편,617
2020-02-01,1333. 석관초등학교 앞,574
2020-02-01,1334. 석관동주민센터 앞,334
2020-02-01,1336. 성북3교 위,640
2020-02-01,1337. 돈암성당 옆,976
2020-02-01,1338. 용문2교 옆,377
2020-02-01,1339. 삼성전자서비스 성북센터,372
2020-02-01,1340. 광운초등학교 앞,456
2020-02-01,1342. 성북쉼터 앞,145
2020-02-01,1343. 한성대7번출구 앞,374
2020-02-01,1344. 아리랑시네센터 앞,370
2020-02-01,1346. 길음8골어린이공원 옆,461
2020-02-01,1347. 길음래미안아파트817동 상가 앞,185
2020-02-01,1348. 성북제일새마을금고 본점 앞,194
2020-02-01,1349. 월계2교 버스정류장 앞,216
2020-02-01,1351. 안암2교 옆,805
2020-02-01,1352. e 편한세상 보문아파트 내,147
2020-02-01,1353. 금호어울림센터힐 내,192
2020-02-01,1354. 고려대학교 2번출구,884
2020-02-01,1355. 보문2교,737
2020-02-01,1357. 북한산보국문역,253
2020-02-01,1358. 정릉도서관 앞,182
2020-02-01,1359. 장위뉴타운 꿈에 숲 코오롱 하늘채 앞,239
2020-02-01,1360. 정릉역,317
2020-02-01,1361. 홍익중고 입구,429
2020-02-01,1362. 보문역6번출구 앞,519
2020-02-01,1363. 보문4교 인근,786
2020-02-01,1364. 성북동 치안센터 앞,331
2020-02-01,1365. 선잠단지 앞,134
2020-02-01,1366. 일신초등학교 옆,145
2020-02-01,1367. 길음문화복합미디어센터,194
2020-02-01,1368. 성신여대입구 교차로,399
2020-02-01,1369. 미아사거리,483
2020-02-01,1370. 복자사랑 피정의 집,285
2020-02-01,1372. KEB은행 고대점,841
2020-02-01,1373. 성북구보건소 건너편,303
2020-02-01,1375. 생명의 전화 종합복지관 앞 교차로,627
2020-02-01,1376. 한국과학기술연구원 중문,113
2020-02-01,1377. 한국과학기술연구원 북문,110
2020-03-01,1302. 한성대입구역6번출구 뒤,540
2020-03-01,1303. 돈암초교 입구,917
2020-03-01,1304. 만해공원,282
2020-03-01,1305. 성북구청,738
2020-03-01,1306. 한성대입구역2번출구,1489
2020-03-01,1308. 안암로터리 버스정류장 앞,3761
2020-03-01,1314. 정릉꿈에그린1단지 201동 앞,425
2020-03-01,1315. 고려사대부속중고 정문,383
2020-03-01,1316. 고려사대부속중고 건너편,225
2020-03-01,1318. 길음역 3번출구 뒤,731
2020-03-01,1319. 종암사거리 분수대,1991
2020-03-01,1320. LG베스트샵 종암점,1171
2020-03-01,1321. 국민은행 종암동지점 앞,1575
2020-03-01,1322. 래미안라센트아파트 103동 앞,774
2020-03-01,1323. 월곡역 입구 육교 밑,670
2020-03-01,1325. 상월곡역 4번출구,409
2020-03-01,1326. 상월곡역 1번출구,575
2020-03-01,1327. 상월곡역 3번출구,763
2020-03-01,1328. 월곡역 3번출구,1756
2020-03-01,1332. 석계역 5번출구 건너편,1701
2020-03-01,1333. 석관초등학교 앞,1081
2020-03-01,1334. 석관동주민센터 앞,721
2020-03-01,1336. 성북3교 위,1455
2020-03-01,1337. 돈암성당 옆,2459
2020-03-01,1338. 용문2교 옆,766
2020-03-01,1339. 삼성전자서비스 성북센터,865
2020-03-01,1340. 광운초등학교 앞,951
2020-03-01,1342. 성북쉼터 앞,220
2020-03-01,1343. 한성대7번출구 앞,512
2020-03-01,1344. 아리랑시네센터 앞,519
2020-03-01,1346. 길음8골어린이공원 옆,665
2020-03-01,1347. 길음래미안아파트817동 상가 앞,338
2020-03-01,1348. 성북제일새마을금고 본점 앞,370
2020-03-01,1349. 월계2교 버스정류장 앞,483
2020-03-01,1351. 안암2교 옆,1540
2020-03-01,1352. e 편한세상 보문아파트 내,257
2020-03-01,1353. 금호어울림센터힐 내,280
2020-03-01,1354. 고려대학교 2번출구,1278
2020-03-01,1355. 보문2교,2150
2020-03-01,1357. 북한산보국문역,463
2020-03-01,1358. 정릉도서관 앞,440
2020-03-01,1359. 장위뉴타운 꿈에 숲 코오롱 하늘채 앞,622
2020-03-01,1360. 정릉역,651
2020-03-01,1361. 홍익중고 입구,716
2020-03-01,1362. 보문역6번출구 앞,966
2020-03-01,1363. 보문4교 인근,1471
2020-03-01,1364. 성북동 치안센터 앞,443
2020-03-01,1365. 선잠단지 앞,217
2020-03-01,1366. 일신초등학교 옆,238
2020-03-01,1367. 길음문화복합미디어센터,308
2020-03-01,1368. 성신여대입구 교차로,886
2020-03-01,1369. 미아사거리,1017
2020-03-01,1370. 복자사랑 피정의 집,410
2020-03-01,1372. KEB은행 고대점,1608
2020-03-01,1373. 성북구보건소 건너편,706
2020-03-01,1375. 생명의 전화 종합복지관 앞 교차로,1118
2020-03-01,1376. 한국과학기술연구원 중문,210
2020-03-01,1377. 한국과학기술연구원 북문,207
2020-04-01,1302. 한성대입구역6번출구 뒤,677
2020-04-01,1303. 돈암초교 입구,1074
2020-04-01,1304. 만해공원,275
2020-04-01,1305. 성북구청,1071
2020-04-01,1306. 한성대입구역2번출구,2107
2020-04-01,1308. 안암로터리 버스정류장 앞,5434
2020-04-01,1314. 정릉꿈에그린1단지 201동 앞,456
2020-04-01,1315. 고려사대부속중고 정문,599
2020-04-01,1316. 고려사대부속중고 건너편,171
2020-04-01,1318. 길음역 3번출구 뒤,1190
2020-04-01,1319. 종암사거리 분수대,2922
2020-04-01,1320. LG베스트샵 종암점,1991
2020-04-01,1321. 국민은행 종암동지점 앞,2204
2020-04-01,1322. 래미안라센트아파트 103동 앞,569
2020-04-01,1323. 월곡역 입구 육교 밑,1022
2020-04-01,1325. 상월곡역 4번출구,584
2020-04-01,1326. 상월곡역 1번출구,848
2020-04-01,1327. 상월곡역 3번출구,1221
2020-04-01,1328. 월곡역 3번출구,2699
2020-04-01,1332. 석계역 5번출구 건너편,2559
2020-04-01,1333. 석관초등학교 앞,1851
2020-04-01,1334. 석관동주민센터 앞,1047
2020-04-01,1336. 성북3교 위,2269
2020-04-01,1337. 돈암성당 옆,3658
2020-04-01,1338. 용문2교 옆,1037
2020-04-01,1339. 삼성전자서비스 성북센터,1300
2020-04-01,1340. 광운초등학교 앞,1559
2020-04-01,1342. 성북쉼터 앞,212
2020-04-01,1343. 한성대7번출구 앞,752
2020-04-01,1344. 아리랑시네센터 앞,690
2020-04-01,1346. 길음8골어린이공원 옆,927
2020-04-01,1347. 길음래미안아파트817동 상가 앞,479
2020-04-01,1348. 성북제일새마을금고 본점 앞,519
2020-04-01,1349. 월계2교 버스정류장 앞,770
2020-04-01,1351. 안암2교 옆,2126
2020-04-01,1352. e 편한세상 보문아파트 내,278
2020-04-01,1353. 금호어울림센터힐 내,325
2020-04-01,1354. 고려대학교 2번출구,1991
2020-04-01,1355. 보문2교,3369
2020-04-01,1357. 북한산보국문역,647
2020-04-01,1358. 정릉도서관 앞,680
2020-04-01,1359. 장위뉴타운 꿈에 숲 코오롱 하늘채 앞,1088
2020-04-01,1360. 정릉역,904
2020-04-01,1361. 홍익중고 입구,1136
2020-04-01,1362. 보문역6번출구 앞,1418
2020-04-01,1363. 보문4교 인근,1965
2020-04-01,1364. 성북동 치안센터 앞,664
2020-04-01,1365. 선잠단지 앞,271
2020-04-01,1366. 일신초등학교 옆,535
2020-04-01,1367. 길음문화복합미디어센터,406
2020-04-01,1368. 성신여대입구 교차로,1278
2020-04-01,1369. 미아사거리,1642
2020-04-01,1370. 복자사랑 피정의 집,481
2020-04-01,1372. KEB은행 고대점,2247
2020-04-01,1373. 성북구보건소 건너편,1038
2020-04-01,1375. 생명의 전화 종합복지관 앞 교차로,1837
2020-04-01,1376. 한국과학기술연구원 중문,270
2020-04-01,1377. 한국과학기술연구원 북문,196
2020-04-01,1379.길음뉴타운푸르지오아파트 3단지,0
2020-04-01,1380.월곡역 5번출구 앞,3
2020-04-01,1381.석계역 4번출구 뒤,1
2020-04-01,1383.성북동 주민센터 건너편,4
2020-04-01,1384.성신여대입구역 5번출구,1
2020-04-01,1386.동선고가차도 초입,1
2020-04-01,1388.커핀그루나루,2
2020-04-01,1390.석관래미안아트리치,1
2020-04-01,1391.성북청소년센터,2
2020-04-01,1392.돈암삼성풍림아파트,1
2020-04-01,1393.돈암육교 하단,1
2020-04-01,1394.길음뉴타운 래미안9단지,36
2020-04-01,1395.래미안장위포레카운티(102동),1
2020-04-01,1396.래미안장위퍼스트하이(513동),2
2020-05-01,1302. 한성대입구역6번출구 뒤,589
2020-05-01,1303. 돈암초교 입구,1228
2020-05-01,1304. 만해공원,256
2020-05-01,1305. 성북구청,955
2020-05-01,1306. 한성대입구역2번출구,2164
2020-05-01,1308. 안암로터리 버스정류장 앞,5749
2020-05-01,1314. 정릉꿈에그린1단지 201동 앞,531
2020-05-01,1315. 고려사대부속중고 정문,505
2020-05-01,1316. 고려사대부속중고 건너편,412
2020-05-01,1318. 길음역 3번출구 뒤,1320
2020-05-01,1319. 종암사거리 분수대,2486
2020-05-01,1320. LG베스트샵 종암점,2321
2020-05-01,1321. 국민은행 종암동지점 앞,2635
2020-05-01,1322. 래미안라센트아파트 103동 앞,1045
2020-05-01,1323. 월곡역 입구 육교 밑,1038
2020-05-01,1325. 상월곡역 4번출구,609
2020-05-01,1326. 상월곡역 1번출구,951
2020-05-01,1327. 상월곡역 3번출구,1429
2020-05-01,1328. 월곡역 3번출구,3151
2020-05-01,1332. 석계역 5번출구 건너편,2877
2020-05-01,1333. 석관초등학교 앞,2245
2020-05-01,1334. 석관동주민센터 앞,1218
2020-05-01,1336. 성북3교 위,2459
2020-05-01,1337. 돈암성당 옆,4145
2020-05-01,1338. 용문2교 옆,973
2020-05-01,1339. 삼성전자서비스 성북센터,1518
2020-05-01,1340. 광운초등학교 앞,1962
2020-05-01,1342. 성북쉼터 앞,217
2020-05-01,1343. 한성대7번출구 앞,644
2020-05-01,1344. 아리랑시네센터 앞,434
2020-05-01,1346. 길음8골어린이공원 옆,1033
2020-05-01,1347. 길음래미안아파트817동 상가 앞,538
2020-05-01,1348. 성북제일새마을금고 본점 앞,569
2020-05-01,1349. 월계2교 버스정류장 앞,731
2020-05-01,1351. 안암2교 옆,2209
2020-05-01,1352. e 편한세상 보문아파트 내,230
2020-05-01,1353. 금호어울림센터힐 내,340
2020-05-01,1354. 고려대학교 2번출구,2162
2020-05-01,1355. 보문2교,3205
2020-05-01,1357. 북한산보국문역,733
2020-05-01,1358. 정릉도서관 앞,801
2020-05-01,1359. 장위뉴타운 꿈에 숲 코오롱 하늘채 앞,1235
2020-05-01,1360. 정릉역,1055
2020-05-01,1361. 홍익중고 입구,1108
2020-05-01,1362. 보문역6번출구 앞,1430
2020-05-01,1363. 보문4교 인근,2304
2020-05-01,1364. 성북동 치안센터 앞,713
2020-05-01,1365. 선잠단지 앞,298
2020-05-01,1366. 일신초등학교 옆,559
2020-05-01,1367. 길음문화복합미디어센터,407
2020-05-01,1368. 성신여대입구 교차로,1453
2020-05-01,1369. 미아사거리,1834
2020-05-01,1370. 복자사랑 피정의 집,440
2020-05-01,1372. KEB은행 고대점,2514
2020-05-01,1373. 성북구보건소 건너편,1249
2020-05-01,1375. 생명의 전화 종합복지관 앞 교차로,2108
2020-05-01,1376. 한국과학기술연구원 중문,245
2020-05-01,1377. 한국과학기술연구원 북문,207
2020-05-01,1383.성북동 주민센터 건너편,1
2020-05-01,1394.길음뉴타운 래미안9단지,446
2020-06-01,1302. 한성대입구역6번출구 뒤,1893
2020-06-01,1303. 돈암초교 입구,1476
2020-06-01,1304. 만해공원,328
2020-06-01,1305. 성북구청,1099
2020-06-01,1306. 한성대입구역2번출구,44
2020-06-01,1308. 안암로터리 버스정류장 앞,5567
2020-06-01,1314. 정릉꿈에그린1단지 201동 앞,504
2020-06-01,1315. 고려사대부속중고 정문,541
2020-06-01,1316. 고려사대부속중고 건너편,517
2020-06-01,1318. 길음역 3번출구 뒤,1248
2020-06-01,1319. 종암사거리 분수대,4
2020-06-01,1320. LG베스트샵 종암점,3165
2020-06-01,1321. 국민은행 종암동지점 앞,3057
2020-06-01,1322. 래미안라센트아파트 103동 앞,1293
2020-06-01,1323. 월곡역 입구 육교 밑,1022
2020-06-01,1325. 상월곡역 4번출구,763
2020-06-01,1326. 상월곡역 1번출구,1038
2020-06-01,1327. 상월곡역 3번출구,1662
2020-06-01,1328. 월곡역 3번출구,3213
2020-06-01,1332. 석계역 5번출구 건너편,2709
2020-06-01,1333. 석관초등학교 앞,2467
2020-06-01,1334. 석관동주민센터 앞,1399
2020-06-01,1336. 성북3교 위,2805
2020-06-01,1337. 돈암성당 옆,3668
2020-06-01,1338. 용문2교 옆,1312
2020-06-01,1339. 삼성전자서비스 성북센터,1611
2020-06-01,1340. 광운초등학교 앞,1561
2020-06-01,1342. 성북쉼터 앞,305
2020-06-01,1343. 한성대7번출구 앞,1335
2020-06-01,1344. 아리랑시네센터 앞,498
2020-06-01,1346. 길음8골어린이공원 옆,1110
2020-06-01,1347. 길음래미안아파트817동 상가 앞,577
2020-06-01,1348. 성북제일새마을금고 본점 앞,705
2020-06-01,1349. 월계2교 버스정류장 앞,701
2020-06-01,1351. 안암2교 옆,2230
2020-06-01,1352. e 편한세상 보문아파트 내,341
2020-06-01,1353. 금호어울림센터힐 내,408
2020-06-01,1354. 고려대학교 2번출구,2181
2020-06-01,1355. 보문2교,3137
2020-06-01,1357. 북한산보국문역,783
2020-06-01,1358. 정릉도서관 앞,910
2020-06-01,1359. 장위뉴타운 꿈에 숲 코오롱 하늘채 앞,1148
2020-06-01,1360. 정릉역,1097
2020-06-01,1361. 홍익중고 입구,1182
2020-06-01,1362. 보문역6번출구 앞,1692
2020-06-01,1363. 보문4교 인근,2621
2020-06-01,1364. 성북동 치안센터 앞,687
2020-06-01,1365. 선잠단지 앞,299
2020-06-01,1366. 일신초등학교 옆,541
2020-06-01,1367. 길음문화복합미디어센터,500
2020-06-01,1368. 성신여대입구 교차로,1425
2020-06-01,1369. 미아사거리,2093
2020-06-01,1370. 복자사랑 피정의 집,570
2020-06-01,1372. KEB은행 고대점,2461
2020-06-01,1373. 성북구보건소 건너편,1545
2020-06-01,1375. 생명의 전화 종합복지관 앞 교차로,2506
2020-06-01,1376. 한국과학기술연구원 중문,250
2020-06-01,1377. 한국과학기술연구원 북문,261
2020-06-01,1379.길음뉴타운푸르지오아파트 3단지,32
2020-06-01,1380.월곡역 5번출구 앞,464
2020-06-01,1381.석계역 4번출구 뒤,402
2020-06-01,1382.래미안월곡아파트 입구,77
2020-06-01,1383.성북동 주민센터 건너편,249
2020-06-01,1384.성신여대입구역 5번출구,723
2020-06-01,1385.성신여대입구역 3번출구 앞,139
2020-06-01,1386.동선고가차도 초입,167
2020-06-01,1388.커핀그루나루,75
2020-06-01,1390.석관래미안아트리치,486
2020-06-01,1391.성북청소년센터,233
2020-06-01,1392.돈암삼성풍림아파트,15
2020-06-01,1393.돈암육교 하단,47
2020-06-01,1394.길음뉴타운 래미안9단지,818
2020-06-01,1395.래미안장위포레카운티(102동),220
2020-06-01,1396.래미안장위퍼스트하이(513동),360
2020-06-01,1397.래미안월곡아파트 (창문여고 건터편),238
2020-07-01,1302. 한성대입구역6번출구 뒤,1539
2020-07-01,1303. 돈암초교 입구,1045
2020-07-01,1304. 만해공원,177
2020-07-01,1305. 성북구청,1050
2020-07-01,1306. 한성대입구역2번출구,5
2020-07-01,1308. 안암로터리 버스정류장 앞,4917
2020-07-01,1314. 정릉꿈에그린1단지 201동 앞,448
2020-07-01,1315. 고려사대부속중고 정문,539
2020-07-01,1316. 고려사대부속중고 건너편,417
2020-07-01,1318. 길음역 3번출구 뒤,247
2020-07-01,1320. LG베스트샵 종암점,2973
2020-07-01,1321. 국민은행 종암동지점 앞,2423
2020-07-01,1322. 래미안라센트아파트 103동 앞,1116
2020-07-01,1323. 월곡역 입구 육교 밑,758
2020-07-01,1325. 상월곡역 4번출구,728
2020-07-01,1326. 상월곡역 1번출구,943
2020-07-01,1327. 상월곡역 3번출구,1448
2020-07-01,1328. 월곡역 3번출구,2795
2020-07-01,1332. 석계역 5번출구 건너편,2206
2020-07-01,1333. 석관초등학교 앞,1902
2020-07-01,1334. 석관동주민센터 앞,1319
2020-07-01,1336. 성북3교 위,2108
2020-07-01,1337. 돈암성당 옆,2826
2020-07-01,1338. 용문2교 옆,1284
2020-07-01,1339. 삼성전자서비스 성북센터,1157
2020-07-01,1340. 광운초등학교 앞,1063
2020-07-01,1342. 성북쉼터 앞,290
2020-07-01,1343. 한성대7번출구 앞,1180
2020-07-01,1344. 아리랑시네센터 앞,520
2020-07-01,1346. 길음8골어린이공원 옆,981
2020-07-01,1347. 길음래미안아파트817동 상가 앞,542
2020-07-01,1348. 성북제일새마을금고 본점 앞,852
2020-07-01,1349. 월계2교 버스정류장 앞,764
2020-07-01,1351. 안암2교 옆,2051
2020-07-01,1352. e 편한세상 보문아파트 내,234
2020-07-01,1353. 금호어울림센터힐 내,555
2020-07-01,1354. 고려대학교 2번출구,2069
2020-07-01,1355. 보문2교,3106
2020-07-01,1357. 북한산보국문역,632
2020-07-01,1358. 정릉도서관 앞,833
2020-07-01,1359. 장위뉴타운 꿈에 숲 코오롱 하늘채 앞,1030
2020-07-01,1360. 정릉역,896
2020-07-01,1361. 홍익중고 입구,975
2020-07-01,1362. 보문역6번출구 앞,1521
2020-07-01,1363. 보문4교 인근,2363
2020-07-01,1364. 성북동 치안센터 앞,581
2020-07-01,1365. 선잠단지 앞,235
2020-07-01,1366. 일신초등학교 옆,391
2020-07-01,1367. 길음문화복합미디어센터,585
2020-07-01,1368. 성신여대입구 교차로,1241
2020-07-01,1369. 미아사거리,1992
2020-07-01,1370. 복자사랑 피정의 집,404
2020-07-01,1372. KEB은행 고대점,2038
2020-07-01,1373. 성북구보건소 건너편,1303
2020-07-01,1375. 생명의 전화 종합복지관 앞 교차로,2181
2020-07-01,1376. 한국과학기술연구원 중문,198
2020-07-01,1377. 한국과학기술연구원 북문,251
2020-07-01,1379.길음뉴타운푸르지오아파트 3단지,120
2020-07-01,1380.월곡역 5번출구 앞,1064
2020-07-01,1381.석계역 4번출구 뒤,917
2020-07-01,1382.래미안월곡아파트 입구,749
2020-07-01,1383.성북동 주민센터 건너편,290
2020-07-01,1384.성신여대입구역 5번출구,1238
2020-07-01,1385.성신여대입구역 3번출구 앞,632
2020-07-01,1386.동선고가차도 초입,367
2020-07-01,1388.커핀그루나루,366
2020-07-01,1390.석관래미안아트리치,1621
2020-07-01,1391.성북청소년센터,503
2020-07-01,1392.돈암삼성풍림아파트,31
2020-07-01,1393.돈암육교 하단,103
2020-07-01,1394.길음뉴타운 래미안9단지,938
2020-07-01,1395.래미안장위포레카운티(102동),592
2020-07-01,1396.래미안장위퍼스트하이(513동),955
2020-07-01,1397.래미안월곡아파트 (창문여고 건너편),651
2020-08-01,1302. 한성대입구역6번출구 뒤,1074
2020-08-01,1303. 돈암초교 입구,771
2020-08-01,1304. 만해공원,201
2020-08-01,1305. 성북구청,805
2020-08-01,1308. 안암로터리 버스정류장 앞,3560
2020-08-01,1314. 정릉꿈에그린1단지 201동 앞,301
2020-08-01,1315. 고려사대부속중고 정문,355
2020-08-01,1316. 고려사대부속중고 건너편,300
2020-08-01,1318. 길음역 3번출구 뒤,866
2020-08-01,1320. LG베스트샵 종암점,1902
2020-08-01,1321. 국민은행 종암동지점 앞,1753
2020-08-01,1322. 래미안라센트아파트 103동 앞,845
2020-08-01,1323. 월곡역 입구 육교 밑,441
2020-08-01,1325. 상월곡역 4번출구,438
2020-08-01,1326. 상월곡역 1번출구,543
2020-08-01,1327. 상월곡역 3번출구,971
2020-08-01,1328. 월곡역 3번출구,1709
2020-08-01,1332. 석계역 5번출구 건너편,1192
2020-08-01,1333. 석관초등학교 앞,1064
2020-08-01,1334. 석관동주민센터 앞,723
2020-08-01,1336. 성북3교 위,1356
2020-08-01,1337. 돈암성당 옆,1739
2020-08-01,1338. 용문2교 옆,986
2020-08-01,1339. 삼성전자서비스 성북센터,759
2020-08-01,1340. 광운초등학교 앞,515
2020-08-01,1342. 성북쉼터 앞,250
2020-08-01,1343. 한성대7번출구 앞,882
2020-08-01,1344. 아리랑시네센터 앞,452
2020-08-01,1346. 길음8골어린이공원 옆,666
2020-08-01,1347. 길음래미안아파트817동 상가 앞,398
2020-08-01,1348. 성북제일새마을금고 본점 앞,488
2020-08-01,1349. 월계2교 버스정류장 앞,423
2020-08-01,1351. 안암2교 옆,1462
2020-08-01,1352. e 편한세상 보문아파트 내,188
2020-08-01,1353. 금호어울림센터힐 내,280
2020-08-01,1354. 고려대학교 2번출구,1349
2020-08-01,1355. 보문2교,1735
2020-08-01,1357. 북한산보국문역,442
2020-08-01,1358. 정릉도서관 앞,555
2020-08-01,1359. 장위뉴타운 꿈에 숲 코오롱 하늘채 앞,682
2020-08-01,1360. 정릉역,578
2020-08-01,1361. 홍익중고 입구,824
2020-08-01,1362. 보문역6번출구 앞,1028
2020-08-01,1363. 보문4교 인근,1728
2020-08-01,1364. 성북동 치안센터 앞,643
2020-08-01,1365. 선잠단지 앞,213
2020-08-01,1366. 일신초등학교 옆,301
2020-08-01,1367. 길음문화복합미디어센터,346
2020-08-01,1368. 성신여대입구 교차로,827
2020-08-01,1369. 미아사거리,1331
2020-08-01,1370. 복자사랑 피정의 집,324
2020-08-01,1372. KEB은행 고대점,1369
2020-08-01,1373. 성북구보건소 건너편,781
2020-08-01,1375. 생명의 전화 종합복지관 앞 교차로,1343
2020-08-01,1376. 한국과학기술연구원 중문,153
2020-08-01,1377. 한국과학기술연구원 북문,179
2020-08-01,1379.길음뉴타운푸르지오아파트 3단지,122
2020-08-01,1380.월곡역 5번출구 앞,749
2020-08-01,1381.석계역 4번출구 뒤,784
2020-08-01,1382.래미안월곡아파트 입구,473
2020-08-01,1384.성신여대입구역 5번출구,1058
2020-08-01,1385.성신여대입구역 3번출구 앞,587
2020-08-01,1386.동선고가차도 초입,301
2020-08-01,1388.커핀그루나루,360
2020-08-01,1390.석관래미안아트리치,980
2020-08-01,1391.성북청소년센터,294
2020-08-01,1392.돈암삼성풍림아파트,17
2020-08-01,1393.돈암육교 하단,47
2020-08-01,1394.길음뉴타운 래미안9단지,571
2020-08-01,1395.래미안장위포레카운티(102동),393
2020-08-01,1396.래미안장위퍼스트하이(513동),680
2020-08-01,1397.래미안월곡아파트 (창문여고 건너편),518
2020-09-01,1302. 한성대입구역6번출구 뒤,1470
2020-09-01,1303. 돈암초교 입구,1016
2020-09-01,1304. 만해공원,269
2020-09-01,1305. 성북구청,1245
2020-09-01,1306. 한성대입구역2번출구,300
2020-09-01,1308. 안암로터리 버스정류장 앞,4694
2020-09-01,1314. 정릉꿈에그린1단지 201동 앞,439
2020-09-01,1315. 고려사대부속중고 정문,573
2020-09-01,1316. 고려사대부속중고 건너편,499
2020-09-01,1318. 길음역 3번출구 뒤,1543
2020-09-01,1320. LG베스트샵 종암점,2890
2020-09-01,1321. 국민은행 종암동지점 앞,2510
2020-09-01,1322. 래미안라센트아파트 103동 앞,1079
2020-09-01,1323. 월곡역 입구 육교 밑,793
2020-09-01,1325. 상월곡역 4번출구,687
2020-09-01,1326. 상월곡역 1번출구,823
2020-09-01,1327. 상월곡역 3번출구,1399
2020-09-01,1328. 월곡역 3번출구,2285
2020-09-01,1332. 석계역 5번출구 건너편,2291
2020-09-01,1333. 석관초등학교 앞,1797
2020-09-01,1334. 석관동주민센터 앞,1198
2020-09-01,1336. 성북3교 위,2038
2020-09-01,1337. 돈암성당 옆,2673
2020-09-01,1338. 용문2교 옆,1383
2020-09-01,1339. 삼성전자서비스 성북센터,949
2020-09-01,1340. 광운초등학교 앞,841
2020-09-01,1342. 성북쉼터 앞,196
2020-09-01,1343. 한성대7번출구 앞,999
2020-09-01,1344. 아리랑시네센터 앞,668
2020-09-01,1346. 길음8골어린이공원 옆,1098
2020-09-01,1347. 길음래미안아파트817동 상가 앞,517
2020-09-01,1348. 성북제일새마을금고 본점 앞,669
2020-09-01,1349. 월계2교 버스정류장 앞,783
2020-09-01,1351. 안암2교 옆,2064
2020-09-01,1352. e 편한세상 보문아파트 내,253
2020-09-01,1353. 금호어울림센터힐 내,407
2020-09-01,1354. 고려대학교 2번출구,2026
2020-09-01,1355. 보문2교,3627
2020-09-01,1357. 북한산보국문역,574
2020-09-01,1358. 정릉도서관 앞,837
2020-09-01,1359. 장위뉴타운 꿈에 숲 코오롱 하늘채 앞,1163
2020-09-01,1360. 정릉역,840
2020-09-01,1361. 홍익중고 입구,991
2020-09-01,1362. 보문역6번출구 앞,1353
2020-09-01,1363. 보문4교 인근,2392
2020-09-01,1364. 성북동 치안센터 앞,877
2020-09-01,1365. 선잠단지 앞,345
2020-09-01,1366. 일신초등학교 옆,477
2020-09-01,1367. 길음문화복합미디어센터,433
2020-09-01,1368. 성신여대입구 교차로,1242
2020-09-01,1369. 미아사거리,2010
2020-09-01,1370. 복자사랑 피정의 집,370
2020-09-01,1372. KEB은행 고대점,1912
2020-09-01,1373. 성북구보건소 건너편,1404
2020-09-01,1375. 생명의 전화 종합복지관 앞 교차로,1662
2020-09-01,1376. 한국과학기술연구원 중문,204
2020-09-01,1377. 한국과학기술연구원 북문,332
2020-09-01,1379.길음뉴타운푸르지오아파트 3단지,70
2020-09-01,1380.월곡역 5번출구 앞,1603
2020-09-01,1381.석계역 4번출구 뒤,1393
2020-09-01,1382.래미안월곡아파트 입구,845
2020-09-01,1384.성신여대입구역 5번출구,1505
2020-09-01,1385.성신여대입구역 3번출구 앞,897
2020-09-01,1386.동선고가차도 초입,466
2020-09-01,1388.커핀그루나루,541
2020-09-01,1390.석관래미안아트리치,1550
2020-09-01,1391.성북청소년센터,440
2020-09-01,1392.돈암삼성풍림아파트,37
2020-09-01,1393.돈암육교 하단,96
2020-09-01,1394.길음뉴타운 래미안9단지,807
2020-09-01,1395.래미안장위포레카운티(102동),656
2020-09-01,1396.래미안장위퍼스트하이(513동),987
2020-09-01,1397.래미안월곡아파트 (창문여고 건너편),724
2020-10-01,1302. 한성대입구역6번출구 뒤,889
2020-10-01,1303. 돈암초교 입구,1046
2020-10-01,1304. 만해공원,335
2020-10-01,1305. 성북구청,1111
2020-10-01,1306. 한성대입구역2번출구,1725
2020-10-01,1308. 안암로터리 버스정류장 앞,5551
2020-10-01,1314. 정릉꿈에그린1단지 201동 앞,430
2020-10-01,1315. 고려사대부속중고 정문,565
2020-10-01,1316. 고려사대부속중고 건너편,473
2020-10-01,1318. 길음역 3번출구 뒤,1750
2020-10-01,1320. LG베스트샵 종암점,3180
2020-10-01,1321. 국민은행 종암동지점 앞,2785
2020-10-01,1322. 래미안라센트아파트 103동 앞,1189
2020-10-01,1323. 월곡역 입구 육교 밑,575
2020-10-01,1325. 상월곡역 4번출구,657
2020-10-01,1326. 상월곡역 1번출구,1030
2020-10-01,1327. 상월곡역 3번출구,1524
2020-10-01,1328. 월곡역 3번출구,2827
2020-10-01,1332. 석계역 5번출구 건너편,2168
2020-10-01,1333. 석관초등학교 앞,1835
2020-10-01,1334. 석관동주민센터 앞,1321
2020-10-01,1336. 성북3교 위,1839
2020-10-01,1337. 돈암성당 옆,2819
2020-10-01,1338. 용문2교 옆,1405
2020-10-01,1339. 삼성전자서비스 성북센터,1025
2020-10-01,1340. 광운초등학교 앞,729
2020-10-01,1342. 성북쉼터 앞,164
2020-10-01,1343. 한성대7번출구 앞,827
2020-10-01,1344. 아리랑시네센터 앞,599
2020-10-01,1346. 길음8골어린이공원 옆,1177
2020-10-01,1347. 길음래미안아파트817동 상가 앞,607
2020-10-01,1348. 성북제일새마을금고 본점 앞,688
2020-10-01,1349. 월계2교 버스정류장 앞,800
2020-10-01,1351. 안암2교 옆,2161
2020-10-01,1352. e 편한세상 보문아파트 내,319
2020-10-01,1353. 금호어울림센터힐 내,386
2020-10-01,1354. 고려대학교 2번출구,2239
2020-10-01,1355. 보문2교,3340
2020-10-01,1357. 북한산보국문역,530
2020-10-01,1358. 정릉도서관 앞,888
2020-10-01,1359. 장위뉴타운 꿈에 숲 코오롱 하늘채 앞,1184
2020-10-01,1360. 정릉역,755
2020-10-01,1361. 홍익중고 입구,1141
2020-10-01,1362. 보문역6번출구 앞,1568
2020-10-01,1363. 보문4교 인근,2305
2020-10-01,1364. 성북동 치안센터 앞,878
2020-10-01,1365. 선잠단지 앞,341
2020-10-01,1366. 일신초등학교 옆,404
2020-10-01,1367. 길음문화복합미디어센터,416
2020-10-01,1368. 성신여대입구 교차로,1263
2020-10-01,1369. 미아사거리,2171
2020-10-01,1370. 복자사랑 피정의 집,404
2020-10-01,1372. KEB은행 고대점,2089
2020-10-01,1373. 성북구보건소 건너편,1294
2020-10-01,1375. 생명의 전화 종합복지관 앞 교차로,1406
2020-10-01,1376. 한국과학기술연구원 중문,252
2020-10-01,1377. 한국과학기술연구원 북문,315
2020-10-01,1379.길음뉴타운푸르지오아파트 3단지,55
2020-10-01,1380.월곡역 5번출구 앞,1735
2020-10-01,1381.석계역 4번출구 뒤,1504
2020-10-01,1382.래미안월곡아파트 입구,1080
2020-10-01,1384.성신여대입구역 5번출구,1830
2020-10-01,1385.성신여대입구역 3번출구 앞,1086
2020-10-01,1386.동선고가차도 초입,424
2020-10-01,1388.커핀그루나루,724
2020-10-01,1390.석관래미안아트리치,1740
2020-10-01,1391.성북청소년센터,425
2020-10-01,1392.돈암삼성풍림아파트,40
2020-10-01,1393.돈암육교 하단,93
2020-10-01,1394.길음뉴타운 래미안9단지,956
2020-10-01,1395.래미안장위포레카운티(102동),655
2020-10-01,1396.래미안장위퍼스트하이(513동),939
2020-10-01,1397.래미안월곡아파트 (창문여고 건너편),844
2020-11-01,1302. 한성대입구역6번출구 뒤,649
2020-11-01,1303. 돈암초교 입구,856
2020-11-01,1304. 만해공원,365
2020-11-01,1305. 성북구청,817
2020-11-01,1306. 한성대입구역2번출구,1374
2020-11-01,1308. 안암로터리 버스정류장 앞,4251
2020-11-01,1314. 정릉꿈에그린1단지 201동 앞,416
2020-11-01,1315. 고려사대부속중고 정문,362
2020-11-01,1316. 고려사대부속중고 건너편,425
2020-11-01,1318. 길음역 3번출구 뒤,1169
2020-11-01,1320. LG베스트샵 종암점,2260
2020-11-01,1321. 국민은행 종암동지점 앞,2255
2020-11-01,1322. 래미안라센트아파트 103동 앞,929
2020-11-01,1323. 월곡역 입구 육교 밑,348
2020-11-01,1325. 상월곡역 4번출구,538
2020-11-01,1326. 상월곡역 1번출구,829
2020-11-01,1327. 상월곡역 3번출구,1081
2020-11-01,1328. 월곡역 3번출구,2080
2020-11-01,1332. 석계역 5번출구 건너편,1136
2020-11-01,1333. 석관초등학교 앞,1128
2020-11-01,1334. 석관동주민센터 앞,941
2020-11-01,1336. 성북3교 위,1287
2020-11-01,1337. 돈암성당 옆,1832
2020-11-01,1338. 용문2교 옆,946
2020-11-01,1339. 삼성전자서비스 성북센터,674
2020-11-01,1340. 광운초등학교 앞,508
2020-11-01,1342. 성북쉼터 앞,224
2020-11-01,1343. 한성대7번출구 앞,629
2020-11-01,1344. 아리랑시네센터 앞,700
2020-11-01,1346. 길음8골어린이공원 옆,926
2020-11-01,1347. 길음래미안아파트817동 상가 앞,453
2020-11-01,1348. 성북제일새마을금고 본점 앞,522
2020-11-01,1349. 월계2교 버스정류장 앞,1061
2020-11-01,1351. 안암2교 옆,1721
2020-11-01,1352. e 편한세상 보문아파트 내,323
2020-11-01,1353. 금호어울림센터힐 내,306
2020-11-01,1354. 고려대학교 2번출구,1819
2020-11-01,1355. 보문2교,1788
2020-11-01,1357. 북한산보국문역,473
2020-11-01,1358. 정릉도서관 앞,615
2020-11-01,1359. 장위뉴타운 꿈에 숲 코오롱 하늘채 앞,630
2020-11-01,1360. 정릉역,641
2020-11-01,1361. 홍익중고 입구,947
2020-11-01,1362. 보문역6번출구 앞,1357
2020-11-01,1363. 보문4교 인근,1788
2020-11-01,1364. 성북동 치안센터 앞,725
2020-11-01,1365. 선잠단지 앞,274
2020-11-01,1366. 일신초등학교 옆,361
2020-11-01,1367. 길음문화복합미디어센터,411
2020-11-01,1368. 성신여대입구 교차로,983
2020-11-01,1369. 미아사거리,1481
2020-11-01,1370. 복자사랑 피정의 집,369
2020-11-01,1372. KEB은행 고대점,1637
2020-11-01,1373. 성북구보건소 건너편,722
2020-11-01,1375. 생명의 전화 종합복지관 앞 교차로,1308
2020-11-01,1376. 한국과학기술연구원 중문,173
2020-11-01,1377. 한국과학기술연구원 북문,239
2020-11-01,1379.길음뉴타운푸르지오아파트 3단지,193
2020-11-01,1380.월곡역 5번출구 앞,1176
2020-11-01,1381.석계역 4번출구 뒤,905
2020-11-01,1382.래미안월곡아파트 입구,772
2020-11-01,1384.성신여대입구역 5번출구,1454
2020-11-01,1385.성신여대입구역 3번출구 앞,897
2020-11-01,1386.동선고가차도 초입,440
2020-11-01,1388.커핀그루나루,571
2020-11-01,1390.석관래미안아트리치,1123
2020-11-01,1391.성북청소년센터,326
2020-11-01,1392.돈암삼성풍림아파트,100
2020-11-01,1393.돈암육교 하단,69
2020-11-01,1394.길음뉴타운 래미안9단지,668
2020-11-01,1395.래미안장위포레카운티(102동),465
2020-11-01,1396.래미안장위퍼스트하이(513동),592
2020-11-01,1397.래미안월곡아파트 (창문여고 건너편),610
2020-12-01,1302. 한성대입구역6번출구 뒤,415
2020-12-01,1303. 돈암초교 입구,503
2020-12-01,1304. 만해공원,267
2020-12-01,1305. 성북구청,553
2020-12-01,1306. 한성대입구역2번출구,731
2020-12-01,1308. 안암로터리 버스정류장 앞,2264
2020-12-01,1314. 정릉꿈에그린1단지 201동 앞,265
2020-12-01,1315. 고려사대부속중고 정문,244
2020-12-01,1316. 고려사대부속중고 건너편,299
2020-12-01,1318. 길음역 3번출구 뒤,618
2020-12-01,1320. LG베스트샵 종암점,1246
2020-12-01,1321. 국민은행 종암동지점 앞,1500
2020-12-01,1322. 래미안라센트아파트 103동 앞,610
2020-12-01,1323. 월곡역 입구 육교 밑,225
2020-12-01,1325. 상월곡역 4번출구,306
2020-12-01,1326. 상월곡역 1번출구,547
2020-12-01,1327. 상월곡역 3번출구,654
2020-12-01,1328. 월곡역 3번출구,1090
2020-12-01,1332. 석계역 5번출구 건너편,662
2020-12-01,1333. 석관초등학교 앞,662
2020-12-01,1334. 석관동주민센터 앞,590
2020-12-01,1336. 성북3교 위,858
2020-12-01,1337. 돈암성당 옆,963
2020-12-01,1338. 용문2교 옆,500
2020-12-01,1339. 삼성전자서비스 성북센터,340
2020-12-01,1340. 광운초등학교 앞,295
2020-12-01,1342. 성북쉼터 앞,150
2020-12-01,1343. 한성대7번출구 앞,410
2020-12-01,1344. 아리랑시네센터 앞,460
2020-12-01,1346. 길음8골어린이공원 옆,532
2020-12-01,1347. 길음래미안아파트817동 상가 앞,283
2020-12-01,1348. 성북제일새마을금고 본점 앞,259
2020-12-01,1349. 월계2교 버스정류장 앞,745
2020-12-01,1351. 안암2교 옆,1074
2020-12-01,1352. e 편한세상 보문아파트 내,222
2020-12-01,1353. 금호어울림센터힐 내,233
2020-12-01,1354. 고려대학교 2번출구,1127
2020-12-01,1355. 보문2교,1245
2020-12-01,1357. 북한산보국문역,279
2020-12-01,1358. 정릉도서관 앞,377
2020-12-01,1359. 장위뉴타운 꿈에 숲 코오롱 하늘채 앞,389
2020-12-01,1360. 정릉역,321
2020-12-01,1361. 홍익중고 입구,538
2020-12-01,1362. 보문역6번출구 앞,871
2020-12-01,1363. 보문4교 인근,1121
2020-12-01,1364. 성북동 치안센터 앞,384
2020-12-01,1365. 선잠단지 앞,168
2020-12-01,1366. 일신초등학교 옆,184
2020-12-01,1367. 길음문화복합미디어센터,204
2020-12-01,1368. 성신여대입구 교차로,522
2020-12-01,1369. 미아사거리,923
2020-12-01,1370. 복자사랑 피정의 집,212
2020-12-01,1372. KEB은행 고대점,913
2020-12-01,1373. 성북구보건소 건너편,478
2020-12-01,1375. 생명의 전화 종합복지관 앞 교차로,773
2020-12-01,1376. 한국과학기술연구원 중문,138
2020-12-01,1377. 한국과학기술연구원 북문,161
2020-12-01,1379.길음뉴타운푸르지오아파트 3단지,204
2020-12-01,1380.월곡역 5번출구 앞,757
2020-12-01,1381.석계역 4번출구 뒤,608
2020-12-01,1382.래미안월곡아파트 입구,564
2020-12-01,1384.성신여대입구역 5번출구,792
2020-12-01,1385.성신여대입구역 3번출구 앞,431
2020-12-01,1386.동선고가차도 초입,267
2020-12-01,1388.커핀그루나루,332
2020-12-01,1390.석관래미안아트리치,692
2020-12-01,1391.성북청소년센터,174
2020-12-01,1392.돈암삼성풍림아파트,47
2020-12-01,1393.돈암육교 하단,82
2020-12-01,1394.길음뉴타운 래미안9단지,386
2020-12-01,1395.래미안장위포레카운티(102동),335
2020-12-01,1396.래미안장위퍼스트하이(513동),419
2020-12-01,1397.래미안월곡아파트 (창문여고 건너편),366
2020-12-01,4403. 하월곡동 광명비전교회 앞,21
2021-01-01,1302. 한성대입구역6번출구 뒤,246
2021-01-01,1303. 돈암초교 입구,361
2021-01-01,1304. 만해공원,142
2021-01-01,1305. 성북구청,407
2021-01-01,1306. 한성대입구역2번출구,552
2021-01-01,1308. 안암로터리 버스정류장 앞,1444
2021-01-01,1314. 정릉꿈에그린1단지 201동 앞,166
2021-01-01,1315. 고려사대부속중고 정문,116
2021-01-01,1316. 고려사대부속중고 건너편,192
2021-01-01,1318. 길음역 3번출구 뒤,389
2021-01-01,1320. LG베스트샵 종암점,858
2021-01-01,1321. 국민은행 종암동지점 앞,960
2021-01-01,1322. 래미안라센트아파트 103동 앞,465
2021-01-01,1323. 월곡역 입구 육교 밑,172
2021-01-01,1325. 상월곡역 4번출구,193
2021-01-01,1326. 상월곡역 1번출구,347
2021-01-01,1327. 상월곡역 3번출구,386
2021-01-01,1328. 월곡역 3번출구,736
2021-01-01,1332. 석계역 5번출구 건너편,469
2021-01-01,1333. 석관초등학교 앞,499
2021-01-01,1334. 석관동주민센터 앞,355
2021-01-01,1336. 성북3교 위,527
2021-01-01,1337. 돈암성당 옆,690
2021-01-01,1338. 용문2교 옆,343
2021-01-01,1339. 삼성전자서비스 성북센터,234
2021-01-01,1340. 광운초등학교 앞,252
2021-01-01,1342. 성북쉼터 앞,109
2021-01-01,1343. 한성대7번출구 앞,319
2021-01-01,1344. 아리랑시네센터 앞,279
2021-01-01,1346. 길음8골어린이공원 옆,313
2021-01-01,1347. 길음래미안아파트817동 상가 앞,160
2021-01-01,1348. 성북제일새마을금고 본점 앞,151
2021-01-01,1349. 월계2교 버스정류장 앞,414
2021-01-01,1351. 안암2교 옆,700
2021-01-01,1352. e 편한세상 보문아파트 내,113
2021-01-01,1353. 금호어울림센터힐 내,170
2021-01-01,1354. 고려대학교 2번출구,680
2021-01-01,1355. 보문2교,867
2021-01-01,1357. 북한산보국문역,179
2021-01-01,1358. 정릉도서관 앞,216
2021-01-01,1359. 장위뉴타운 꿈에 숲 코오롱 하늘채 앞,269
2021-01-01,1360. 정릉역,233
2021-01-01,1361. 홍익중고 입구,430
2021-01-01,1362. 보문역6번출구 앞,578
2021-01-01,1363. 보문4교 인근,766
2021-01-01,1364. 성북동 치안센터 앞,240
2021-01-01,1365. 선잠단지 앞,108
2021-01-01,1366. 일신초등학교 옆,95
2021-01-01,1367. 길음문화복합미디어센터,143
2021-01-01,1368. 성신여대입구 교차로,320
2021-01-01,1369. 미아사거리,614
2021-01-01,1370. 복자사랑 피정의 집,180
2021-01-01,1372. KEB은행 고대점,567
2021-01-01,1373. 성북구보건소 건너편,315
2021-01-01,1375. 생명의 전화 종합복지관 앞 교차로,507
2021-01-01,1376. 한국과학기술연구원 중문,91
2021-01-01,1377. 한국과학기술연구원 북문,59
2021-01-01,1379.길음뉴타운푸르지오아파트 3단지,109
2021-01-01,1380.월곡역 5번출구 앞,517
2021-01-01,1381.석계역 4번출구 뒤,462
2021-01-01,1382.래미안월곡아파트 입구,390
2021-01-01,1384.성신여대입구역 5번출구,569
2021-01-01,1385.성신여대입구역 3번출구 앞,308
2021-01-01,1386.동선고가차도 초입,211
2021-01-01,1388.커핀그루나루,214
2021-01-01,1390.석관래미안아트리치,387
2021-01-01,1391.성북청소년센터,109
2021-01-01,1392.돈암삼성풍림아파트,31
2021-01-01,1393.돈암육교 하단,75
2021-01-01,1394.길음뉴타운 래미안9단지,253
2021-01-01,1395.래미안장위포레카운티(102동),239
2021-01-01,1396.래미안장위퍼스트하이(513동),390
2021-01-01,1397.래미안월곡아파트 (창문여고 건너편),94
2021-01-01,4403. 하월곡동 광명비전교회 앞,94
2021-02-01,1302. 한성대입구역6번출구 뒤,366
2021-02-01,1303. 돈암초교 입구,429
2021-02-01,1304. 만해공원,115
2021-02-01,1305. 성북구청,607
2021-02-01,1306. 한성대입구역2번출구,875
2021-02-01,1308. 안암로터리 버스정류장 앞,1913
2021-02-01,1314. 정릉꿈에그린1단지 201동 앞,253
2021-02-01,1315. 고려사대부속중고 정문,148
2021-02-01,1316. 고려사대부속중고 건너편,223
2021-02-01,1318. 길음역 3번출구 뒤,633
2021-02-01,1319. 종암사거리 분수대,457
2021-02-01,1320. LG베스트샵 종암점,1050
2021-02-01,1321. 국민은행 종암동지점 앞,1160
2021-02-01,1322. 래미안라센트아파트 103동 앞,596
2021-02-01,1323. 월곡역 입구 육교 밑,230
2021-02-01,1325. 상월곡역 4번출구,292
2021-02-01,1326. 상월곡역 1번출구,512
2021-02-01,1327. 상월곡역 3번출구,575
2021-02-01,1328. 월곡역 3번출구,1025
2021-02-01,1332. 석계역 5번출구 건너편,1298
2021-02-01,1333. 석관초등학교 앞,750
2021-02-01,1334. 석관동주민센터 앞,624
2021-02-01,1336. 성북3교 위,793
2021-02-01,1337. 돈암성당 옆,1095
2021-02-01,1338. 용문2교 옆,499
2021-02-01,1339. 삼성전자서비스 성북센터,399
2021-02-01,1340. 광운초등학교 앞,336
2021-02-01,1342. 성북쉼터 앞,117
2021-02-01,1343. 한성대7번출구 앞,381
2021-02-01,1344. 아리랑시네센터 앞,346
2021-02-01,1346. 길음8골어린이공원 옆,419
2021-02-01,1347. 길음래미안아파트817동 상가 앞,279
2021-02-01,1348. 성북제일새마을금고 본점 앞,274
2021-02-01,1349. 월계2교 버스정류장 앞,656
2021-02-01,1351. 안암2교 옆,973
2021-02-01,1352. e 편한세상 보문아파트 내,137
2021-02-01,1353. 금호어울림센터힐 내,204
2021-02-01,1354. 고려대학교 2번출구,1007
2021-02-01,1355. 보문2교,1647
2021-02-01,1357. 북한산보국문역,198
2021-02-01,1358. 정릉도서관 앞,358
2021-02-01,1359. 장위뉴타운 꿈에 숲 코오롱 하늘채 앞,425
2021-02-01,1360. 정릉역,345
2021-02-01,1361. 홍익중고 입구,390
2021-02-01,1362. 보문역6번출구 앞,769
2021-02-01,1363. 보문4교 인근,1063
2021-02-01,1364. 성북동 치안센터 앞,290
2021-02-01,1365. 선잠단지 앞,150
2021-02-01,1366. 일신초등학교 옆,172
2021-02-01,1367. 길음문화복합미디어센터,214
2021-02-01,1368. 성신여대입구 교차로,455
2021-02-01,1369. 미아사거리,833
2021-02-01,1370. 복자사랑 피정의 집,178
2021-02-01,1372. KEB은행 고대점,765
2021-02-01,1373. 성북구보건소 건너편,436
2021-02-01,1375. 생명의 전화 종합복지관 앞 교차로,648
2021-02-01,1376. 한국과학기술연구원 중문,97
2021-02-01,1377. 한국과학기술연구원 북문,103
2021-02-01,1379.길음뉴타운푸르지오아파트 3단지,121
2021-02-01,1380.월곡역 5번출구 앞,919
2021-02-01,1381.석계역 4번출구 뒤,894
2021-02-01,1382.래미안월곡아파트 입구,547
2021-02-01,1384.성신여대입구역 5번출구,860
2021-02-01,1385.성신여대입구역 3번출구 앞,530
2021-02-01,1386.동선고가차도 초입,302
2021-02-01,1388.커핀그루나루,320
2021-02-01,1390.석관래미안아트리치,630
2021-02-01,1391.성북청소년센터,194
2021-02-01,1392.돈암삼성풍림아파트,42
2021-02-01,1393.돈암육교 하단,86
2021-02-01,1394.길음뉴타운 래미안9단지,409
2021-02-01,1395.래미안장위포레카운티(102동),414
2021-02-01,1396.래미안장위퍼스트하이(513동),621
2021-03-01,1302. 한성대입구역6번출구 뒤,578
2021-03-01,1303. 돈암초교 입구,723
2021-03-01,1304. 만해공원,274
2021-03-01,1305. 성북구청,883
2021-03-01,1306. 한성대입구역2번출구,1537
2021-03-01,1308. 안암로터리 버스정류장 앞,3831
2021-03-01,1314. 정릉꿈에그린1단지 201동 앞,352
2021-03-01,1315. 고려사대부속중고 정문,422
2021-03-01,1316. 고려사대부속중고 건너편,441
2021-03-01,1318. 길음역 3번출구 뒤,1058
2021-03-01,1319. 종암사거리 분수대,1159
2021-03-01,1320. LG베스트샵 종암점,1873
2021-03-01,1321. 국민은행 종암동지점 앞,1955
2021-03-01,1322. 래미안라센트아파트 103동 앞,914
2021-03-01,1323. 월곡역 입구 육교 밑,341
2021-03-01,1325. 상월곡역 4번출구,634
2021-03-01,1326. 상월곡역 1번출구,785
2021-03-01,1327. 상월곡역 3번출구,1104
2021-03-01,1328. 월곡역 3번출구,1839
2021-03-01,1332. 석계역 5번출구 건너편,2464
2021-03-01,1333. 석관초등학교 앞,1396
2021-03-01,1334. 석관동주민센터 앞,1063
2021-03-01,1336. 성북3교 위,1358
2021-03-01,1337. 돈암성당 옆,1720
2021-03-01,1338. 용문2교 옆,987
2021-03-01,1339. 삼성전자서비스 성북센터,792
2021-03-01,1340. 광운초등학교 앞,465
2021-03-01,1342. 성북쉼터 앞,152
2021-03-01,1343. 한성대7번출구 앞,632
2021-03-01,1344. 아리랑시네센터 앞,653
2021-03-01,1346. 길음8골어린이공원 옆,842
2021-03-01,1347. 길음래미안아파트817동 상가 앞,320
2021-03-01,1348. 성북제일새마을금고 본점 앞,657
2021-03-01,1349. 월계2교 버스정류장 앞,915
2021-03-01,1351. 안암2교 옆,1701
2021-03-01,1352. e 편한세상 보문아파트 내,169
2021-03-01,1353. 금호어울림센터힐 내,303
2021-03-01,1354. 고려대학교 2번출구,1911
2021-03-01,1355. 보문2교,2624
2021-03-01,1357. 북한산보국문역,328
2021-03-01,1358. 정릉도서관 앞,599
2021-03-01,1359. 장위뉴타운 꿈에 숲 코오롱 하늘채 앞,733
2021-03-01,1360. 정릉역,577
2021-03-01,1361. 홍익중고 입구,745
2021-03-01,1362. 보문역6번출구 앞,1292
2021-03-01,1363. 보문4교 인근,1746
2021-03-01,1364. 성북동 치안센터 앞,548
2021-03-01,1365. 선잠단지 앞,210
2021-03-01,1366. 일신초등학교 옆,280
2021-03-01,1367. 길음문화복합미디어센터,403
2021-03-01,1368. 성신여대입구 교차로,848
2021-03-01,1369. 미아사거리,1438
2021-03-01,1370. 복자사랑 피정의 집,296
2021-03-01,1372. KEB은행 고대점,1514
2021-03-01,1373. 성북구보건소 건너편,733
2021-03-01,1375. 생명의 전화 종합복지관 앞 교차로,1091
2021-03-01,1376. 한국과학기술연구원 중문,168
2021-03-01,1377. 한국과학기술연구원 북문,188
2021-03-01,1379.길음뉴타운푸르지오아파트 3단지,253
2021-03-01,1380.월곡역 5번출구 앞,1521
2021-03-01,1381.석계역 4번출구 뒤,1630
2021-03-01,1382.래미안월곡아파트 입구,916
2021-03-01,1384.성신여대입구역 5번출구,1482
2021-03-01,1385.성신여대입구역 3번출구 앞,919
2021-03-01,1386.동선고가차도 초입,422
2021-03-01,1388.커핀그루나루,514
2021-03-01,1390.석관래미안아트리치,1018
2021-03-01,1391.성북청소년센터,392
2021-03-01,1392.돈암삼성풍림아파트,79
2021-03-01,1393.돈암육교 하단,134
2021-03-01,1394.길음뉴타운 래미안9단지,753
2021-03-01,1395.래미안장위포레카운티(102동),555
2021-03-01,1396.래미안장위퍼스트하이(513동),1144
2021-04-01,1302. 한성대입구역6번출구 뒤,774
2021-04-01,1303. 돈암초교 입구,1004
2021-04-01,1304. 만해공원,361
2021-04-01,1305. 성북구청,1256
2021-04-01,1306. 한성대입구역2번출구,2241
2021-04-01,1308. 안암로터리 버스정류장 앞,4841
2021-04-01,1314. 정릉꿈에그린1단지 201동 앞,475
2021-04-01,1315. 고려사대부속중고 정문,408
2021-04-01,1316. 고려사대부속중고 건너편,475
2021-04-01,1318. 길음역 3번출구 뒤,1372
2021-04-01,1319. 종암사거리 분수대,1731
2021-04-01,1320. LG베스트샵 종암점,2480
2021-04-01,1321. 국민은행 종암동지점 앞,2688
2021-04-01,1322. 래미안라센트아파트 103동 앞,1205
2021-04-01,1323. 월곡역 입구 육교 밑,512
2021-04-01,1325. 상월곡역 4번출구,880
2021-04-01,1326. 상월곡역 1번출구,1069
2021-04-01,1327. 상월곡역 3번출구,1419
2021-04-01,1328. 월곡역 3번출구,2318
2021-04-01,1332. 석계역 5번출구 건너편,3145
2021-04-01,1333. 석관초등학교 앞,1765
2021-04-01,1334. 석관동주민센터 앞,1481
2021-04-01,1336. 성북3교 위,1864
2021-04-01,1337. 돈암성당 옆,2438
2021-04-01,1338. 용문2교 옆,1339
2021-04-01,1339. 삼성전자서비스 성북센터,1084
2021-04-01,1340. 광운초등학교 앞,721
2021-04-01,1342. 성북쉼터 앞,156
2021-04-01,1343. 한성대7번출구 앞,916
2021-04-01,1344. 아리랑시네센터 앞,863
2021-04-01,1346. 길음8골어린이공원 옆,1041
2021-04-01,1347. 길음래미안아파트817동 상가 앞,477
2021-04-01,1348. 성북제일새마을금고 본점 앞,844
2021-04-01,1349. 월계2교 버스정류장 앞,1065
2021-04-01,1351. 안암2교 옆,2263
2021-04-01,1352. e 편한세상 보문아파트 내,206
2021-04-01,1353. 금호어울림센터힐 내,395
2021-04-01,1354. 고려대학교 2번출구,2258
2021-04-01,1355. 보문2교,3440
2021-04-01,1357. 북한산보국문역,506
2021-04-01,1358. 정릉도서관 앞,813
2021-04-01,1359. 장위뉴타운 꿈에 숲 코오롱 하늘채 앞,1238
2021-04-01,1360. 정릉역,840
2021-04-01,1361. 홍익중고 입구,1076
2021-04-01,1362. 보문역6번출구 앞,1455
2021-04-01,1363. 보문4교 인근,2327
2021-04-01,1364. 성북동 치안센터 앞,797
2021-04-01,1365. 선잠단지 앞,321
2021-04-01,1366. 일신초등학교 옆,421
2021-04-01,1367. 길음문화복합미디어센터,601
2021-04-01,1368. 성신여대입구 교차로,1247
2021-04-01,1369. 미아사거리,2015
2021-04-01,1370. 복자사랑 피정의 집,468
2021-04-01,1372. KEB은행 고대점,1838
2021-04-01,1373. 성북구보건소 건너편,1049
2021-04-01,1375. 생명의 전화 종합복지관 앞 교차로,1512
2021-04-01,1376. 한국과학기술연구원 중문,206
2021-04-01,1377. 한국과학기술연구원 북문,264
2021-04-01,1379.길음뉴타운푸르지오아파트 3단지,359
2021-04-01,1380.월곡역 5번출구 앞,2031
2021-04-01,1381.석계역 4번출구 뒤,2194
2021-04-01,1382.래미안월곡아파트 입구,1118
2021-04-01,1384.성신여대입구역 5번출구,1989
2021-04-01,1385.성신여대입구역 3번출구 앞,1342
2021-04-01,1386.동선고가차도 초입,559
2021-04-01,1388.커핀그루나루,656
2021-04-01,1390.석관래미안아트리치,1444
2021-04-01,1391.성북청소년센터,597
2021-04-01,1392.돈암삼성풍림아파트,145
2021-04-01,1393.돈암육교 하단,326
2021-04-01,1394.길음뉴타운 래미안9단지,981
2021-04-01,1395.래미안장위포레카운티(102동),870
2021-04-01,1396.래미안장위퍼스트하이(513동),1539
2021-04-01,4406. 장곡초등학교 앞,44
2021-05-01,1302. 한성대입구역6번출구 뒤,698
2021-05-01,1303. 돈암초교 입구,903
2021-05-01,1304. 만해공원,327
2021-05-01,1305. 성북구청,1155
2021-05-01,1306. 한성대입구역2번출구,2062
2021-05-01,1308. 안암로터리 버스정류장 앞,4696
2021-05-01,1314. 정릉꿈에그린1단지 201동 앞,464
2021-05-01,1315. 고려사대부속중고 정문,425
2021-05-01,1316. 고려사대부속중고 건너편,455
2021-05-01,1318. 길음역 3번출구 뒤,1314
2021-05-01,1319. 종암사거리 분수대,1794
2021-05-01,1320. LG베스트샵 종암점,2327
2021-05-01,1321. 국민은행 종암동지점 앞,2560
2021-05-01,1322. 래미안라센트아파트 103동 앞,1150
2021-05-01,1323. 월곡역 입구 육교 밑,518
2021-05-01,1325. 상월곡역 4번출구,763
2021-05-01,1326. 상월곡역 1번출구,1004
2021-05-01,1327. 상월곡역 3번출구,1347
2021-05-01,1328. 월곡역 3번출구,2246
2021-05-01,1332. 석계역 5번출구 건너편,3319
2021-05-01,1333. 석관초등학교 앞,1719
2021-05-01,1334. 석관동주민센터 앞,1406
2021-05-01,1336. 성북3교 위,1669
2021-05-01,1337. 돈암성당 옆,2325
2021-05-01,1338. 용문2교 옆,1294
2021-05-01,1339. 삼성전자서비스 성북센터,1093
2021-05-01,1340. 광운초등학교 앞,599
2021-05-01,1342. 성북쉼터 앞,148
2021-05-01,1343. 한성대7번출구 앞,803
2021-05-01,1344. 아리랑시네센터 앞,701
2021-05-01,1346. 길음8골어린이공원 옆,909
2021-05-01,1347. 길음래미안아파트817동 상가 앞,409
2021-05-01,1348. 성북제일새마을금고 본점 앞,771
2021-05-01,1349. 월계2교 버스정류장 앞,1005
2021-05-01,1351. 안암2교 옆,2161
2021-05-01,1352. e 편한세상 보문아파트 내,202
2021-05-01,1353. 금호어울림센터힐 내,357
2021-05-01,1354. 고려대학교 2번출구,1929
2021-05-01,1355. 보문2교,3373
2021-05-01,1357. 북한산보국문역,505
2021-05-01,1358. 정릉도서관 앞,849
2021-05-01,1359. 장위뉴타운 꿈에 숲 코오롱 하늘채 앞,1074
2021-05-01,1360. 정릉역,898
2021-05-01,1361. 홍익중고 입구,1175
2021-05-01,1362. 보문역6번출구 앞,1341
2021-05-01,1363. 보문4교 인근,2277
2021-05-01,1364. 성북동 치안센터 앞,834
2021-05-01,1365. 선잠단지 앞,353
2021-05-01,1366. 일신초등학교 옆,397
2021-05-01,1367. 길음문화복합미디어센터,542
2021-05-01,1368. 성신여대입구 교차로,1161
2021-05-01,1369. 미아사거리,1968
2021-05-01,1370. 복자사랑 피정의 집,406
2021-05-01,1372. KEB은행 고대점,1856
2021-05-01,1373. 성북구보건소 건너편,1050
2021-05-01,1375. 생명의 전화 종합복지관 앞 교차로,1445
2021-05-01,1376. 한국과학기술연구원 중문,187
2021-05-01,1377. 한국과학기술연구원 북문,217
2021-05-01,1379.길음뉴타운푸르지오아파트 3단지,273
2021-05-01,1380.월곡역 5번출구 앞,2132
2021-05-01,1381.석계역 4번출구 뒤,2213
2021-05-01,1382.래미안월곡아파트 입구,1225
2021-05-01,1384.성신여대입구역 5번출구,1816
2021-05-01,1385.성신여대입구역 3번출구 앞,1347
2021-05-01,1386.동선고가차도 초입,550
2021-05-01,1388.커핀그루나루,710
2021-05-01,1390.석관래미안아트리치,1524
2021-05-01,1391.성북청소년센터,619
2021-05-01,1392.돈암삼성풍림아파트,122
2021-05-01,1393.돈암육교 하단,286
2021-05-01,1394.길음뉴타운 래미안9단지,890
2021-05-01,1395.래미안장위포레카운티(102동),780
2021-05-01,1396.래미안장위퍼스트하이(513동),1299
2021-05-01,4406. 장곡초등학교 앞,653
2021-05-01,4408. 돌곶이역 앞,125
2021-06-01,1302. 한성대입구역6번출구 뒤,934
2021-06-01,1303. 돈암초교 입구,1150
2021-06-01,1304. 만해공원,436
2021-06-01,1305. 성북구청,1340
2021-06-01,1306. 한성대입구역2번출구,2443
2021-06-01,1308. 안암로터리 버스정류장 앞,5557
2021-06-01,1314. 정릉꿈에그린1단지 201동 앞,525
2021-06-01,1315. 고려사대부속중고 정문,424
2021-06-01,1316. 고려사대부속중고 건너편,527
2021-06-01,1318. 길음역 3번출구 뒤,1705
2021-06-01,1319. 종암사거리 분수대,2149
2021-06-01,1320. LG베스트샵 종암점,2499
2021-06-01,1321. 국민은행 종암동지점 앞,2811
2021-06-01,1322. 래미안라센트아파트 103동 앞,1292
2021-06-01,1323. 월곡역 입구 육교 밑,528
2021-06-01,1325. 상월곡역 4번출구,733
2021-06-01,1326. 상월곡역 1번출구,1110
2021-06-01,1327. 상월곡역 3번출구,1392
2021-06-01,1328. 월곡역 3번출구,2653
2021-06-01,1332. 석계역 5번출구 건너편,3455
2021-06-01,1333. 석관초등학교 앞,1691
2021-06-01,1334. 석관동주민센터 앞,1515
2021-06-01,1336. 성북3교 위,2037
2021-06-01,1337. 돈암성당 옆,2616
2021-06-01,1338. 용문2교 옆,1407
2021-06-01,1339. 삼성전자서비스 성북센터,1216
2021-06-01,1340. 광운초등학교 앞,612
2021-06-01,1342. 성북쉼터 앞,184
2021-06-01,1343. 한성대7번출구 앞,890
2021-06-01,1344. 아리랑시네센터 앞,888
2021-06-01,1346. 길음8골어린이공원 옆,1116
2021-06-01,1347. 길음래미안아파트817동 상가 앞,547
2021-06-01,1348. 성북제일새마을금고 본점 앞,740
2021-06-01,1349. 월계2교 버스정류장 앞,967
2021-06-01,1351. 안암2교 옆,2751
2021-06-01,1352. e 편한세상 보문아파트 내,211
2021-06-01,1353. 금호어울림센터힐 내,370
2021-06-01,1354. 고려대학교 2번출구,2188
2021-06-01,1355. 보문2교,3744
2021-06-01,1357. 북한산보국문역,588
2021-06-01,1358. 정릉도서관 앞,960
2021-06-01,1359. 장위뉴타운 꿈에 숲 코오롱 하늘채 앞,1098
2021-06-01,1360. 정릉역,972
2021-06-01,1361. 홍익중고 입구,1486
2021-06-01,1362. 보문역6번출구 앞,1715
2021-06-01,1363. 보문4교 인근,2849
2021-06-01,1364. 성북동 치안센터 앞,974
2021-06-01,1365. 선잠단지 앞,369
2021-06-01,1366. 일신초등학교 옆,428
2021-06-01,1367. 길음문화복합미디어센터,607
2021-06-01,1368. 성신여대입구 교차로,1259
2021-06-01,1369. 미아사거리,2000
2021-06-01,1370. 복자사랑 피정의 집,459
2021-06-01,1372. KEB은행 고대점,2013
2021-06-01,1373. 성북구보건소 건너편,1150
2021-06-01,1375. 생명의 전화 종합복지관 앞 교차로,1670
2021-06-01,1376. 한국과학기술연구원 중문,213
2021-06-01,1377. 한국과학기술연구원 북문,257
2021-06-01,1379.길음뉴타운푸르지오아파트 3단지,296
2021-06-01,1380.월곡역 5번출구 앞,2310
2021-06-01,1381.석계역 4번출구 뒤,2365
2021-06-01,1382.래미안월곡아파트 입구,1475
2021-06-01,1384.성신여대입구역 5번출구,2221
2021-06-01,1385.성신여대입구역 3번출구 앞,1615
2021-06-01,1386.동선고가차도 초입,645
2021-06-01,1388.커핀그루나루,816
2021-06-01,1390.석관래미안아트리치,1721
2021-06-01,1391.성북청소년센터,606
2021-06-01,1392.돈암삼성풍림아파트,183
2021-06-01,1393.돈암육교 하단,370
2021-06-01,1394.길음뉴타운 래미안9단지,1074
2021-06-01,1395.래미안장위포레카운티(102동),857
2021-06-01,1396.래미안장위퍼스트하이(513동),1425
2021-06-01,4406. 장곡초등학교 앞,807
2021-06-01,4408. 돌곶이역 앞,1083
2021-07-01,1302. 한성대입구역6번출구 뒤,828
2021-07-01,1303. 돈암초교 입구,1205
2021-07-01,1304. 만해공원,440
2021-07-01,1305. 성북구청,1353
2021-07-01,1306. 한성대입구역2번출구,2360
2021-07-01,1308. 안암로터리 버스정류장 앞,5210
2021-07-01,1314. 정릉꿈에그린1단지 201동 앞,530
2021-07-01,1315. 고려사대부속중고 정문,478
2021-07-01,1316. 고려사대부속중고 건너편,498
2021-07-01,1318. 길음역 3번출구 뒤,1686
2021-07-01,1319. 종암사거리 분수대,2167
2021-07-01,1320. LG베스트샵 종암점,2229
2021-07-01,1321. 국민은행 종암동지점 앞,2577
2021-07-01,1322. 래미안라센트아파트 103동 앞,1432
2021-07-01,1323. 월곡역 입구 육교 밑,481
2021-07-01,1325. 상월곡역 4번출구,750
2021-07-01,1326. 상월곡역 1번출구,1127
2021-07-01,1327. 상월곡역 3번출구,1396
2021-07-01,1328. 월곡역 3번출구,2611
2021-07-01,1332. 석계역 5번출구 건너편,2493
2021-07-01,1333. 석관초등학교 앞,1546
2021-07-01,1334. 석관동주민센터 앞,1391
2021-07-01,1336. 성북3교 위,2173
2021-07-01,1337. 돈암성당 옆,2490
2021-07-01,1338. 용문2교 옆,1528
2021-07-01,1339. 삼성전자서비스 성북센터,1203
2021-07-01,1340. 광운초등학교 앞,616
2021-07-01,1342. 성북쉼터 앞,122
2021-07-01,1343. 한성대7번출구 앞,1009
2021-07-01,1344. 아리랑시네센터 앞,728
2021-07-01,1346. 길음8골어린이공원 옆,1028
2021-07-01,1347. 길음래미안아파트817동 상가 앞,463
2021-07-01,1348. 성북제일새마을금고 본점 앞,812
2021-07-01,1349. 월계2교 버스정류장 앞,975
2021-07-01,1351. 안암2교 옆,2723
2021-07-01,1352. e 편한세상 보문아파트 내,254
2021-07-01,1353. 금호어울림센터힐 내,384
2021-07-01,1354. 고려대학교 2번출구,2172
2021-07-01,1355. 보문2교,3689
2021-07-01,1357. 북한산보국문역,676
2021-07-01,1358. 정릉도서관 앞,870
2021-07-01,1359. 장위뉴타운 꿈에 숲 코오롱 하늘채 앞,1702
2021-07-01,1360. 정릉역,942
2021-07-01,1361. 홍익중고 입구,1396
2021-07-01,1362. 보문역6번출구 앞,1769
2021-07-01,1363. 보문4교 인근,2950
2021-07-01,1364. 성북동 치안센터 앞,951
2021-07-01,1365. 선잠단지 앞,393
2021-07-01,1366. 일신초등학교 옆,387
2021-07-01,1367. 길음문화복합미디어센터,509
2021-07-01,1368. 성신여대입구 교차로,1231
2021-07-01,1369. 미아사거리,1870
2021-07-01,1370. 복자사랑 피정의 집,399
2021-07-01,1372. KEB은행 고대점,1958
2021-07-01,1373. 성북구보건소 건너편,1104
2021-07-01,1375. 생명의 전화 종합복지관 앞 교차로,1671
2021-07-01,1376. 한국과학기술연구원 중문,315
2021-07-01,1377. 한국과학기술연구원 북문,310
2021-07-01,1379.길음뉴타운푸르지오아파트 3단지,412
2021-07-01,1380.월곡역 5번출구 앞,2161
2021-07-01,1381.석계역 4번출구 뒤,1949
2021-07-01,1382.래미안월곡아파트 입구,1257
2021-07-01,1384.성신여대입구역 5번출구,2205
2021-07-01,1385.성신여대입구역 3번출구 앞,1744
2021-07-01,1386.동선고가차도 초입,751
2021-07-01,1388.커핀그루나루,798
2021-07-01,1390.석관래미안아트리치,1646
2021-07-01,1391.성북청소년센터,626
2021-07-01,1392.돈암삼성풍림아파트,130
2021-07-01,1393.돈암육교 하단,212
2021-07-01,1394.길음뉴타운 래미안9단지,1065
2021-07-01,1395.래미안장위포레카운티(102동),936
2021-07-01,1396.래미안장위퍼스트하이(513동),1270
2021-07-01,4406. 장곡초등학교 앞,838
2021-07-01,4408. 돌곶이역 앞,1350
2021-08-01,1302. 한성대입구역6번출구 뒤,789
2021-08-01,1303. 돈암초교 입구,1143
2021-08-01,1304. 만해공원,419
2021-08-01,1305. 성북구청,1287
2021-08-01,1306. 한성대입구역2번출구,2431
2021-08-01,1308. 안암로터리 버스정류장 앞,5047
2021-08-01,1314. 정릉꿈에그린1단지 201동 앞,492
2021-08-01,1315. 고려사대부속중고 정문,442
2021-08-01,1316. 고려사대부속중고 건너편,480
2021-08-01,1318. 길음역 3번출구 뒤,1536
2021-08-01,1319. 종암사거리 분수대,2085
2021-08-01,1320. LG베스트샵 종암점,2208
2021-08-01,1321. 국민은행 종암동지점 앞,2547
2021-08-01,1322. 래미안라센트아파트 103동 앞,1331
2021-08-01,1323. 월곡역 입구 육교 밑,471
2021-08-01,1325. 상월곡역 4번출구,712
2021-08-01,1326. 상월곡역 1번출구,985
2021-08-01,1327. 상월곡역 3번출구,1445
2021-08-01,1328. 월곡역 3번출구,2476
2021-08-01,1332. 석계역 5번출구 건너편,2313
2021-08-01,1333. 석관초등학교 앞,1529
2021-08-01,1334. 석관동주민센터 앞,1220
2021-08-01,1336. 성북3교 위,2071
2021-08-01,1337. 돈암성당 옆,2446
2021-08-01,1338. 용문2교 옆,1582
2021-08-01,1339. 삼성전자서비스 성북센터,1128
2021-08-01,1340. 광운초등학교 앞,633
2021-08-01,1342. 성북쉼터 앞,292
2021-08-01,1343. 한성대7번출구 앞,953
2021-08-01,1344. 아리랑시네센터 앞,638
2021-08-01,1346. 길음8골어린이공원 옆,978
2021-08-01,1347. 길음래미안아파트817동 상가 앞,500
2021-08-01,1348. 성북제일새마을금고 본점 앞,812
2021-08-01,1349. 월계2교 버스정류장 앞,1007
2021-08-01,1351. 안암2교 옆,2656
2021-08-01,1352. e 편한세상 보문아파트 내,152
2021-08-01,1353. 금호어울림센터힐 내,331
2021-08-01,1354. 고려대학교 2번출구,1976
2021-08-01,1355. 보문2교,3854
2021-08-01,1357. 북한산보국문역,473
2021-08-01,1358. 정릉도서관 앞,873
2021-08-01,1359. 장위뉴타운 꿈에 숲 코오롱 하늘채 앞,1875
2021-08-01,1360. 정릉역,818
2021-08-01,1361. 홍익중고 입구,1295
2021-08-01,1362. 보문역6번출구 앞,1837
2021-08-01,1363. 보문4교 인근,2964
2021-08-01,1364. 성북동 치안센터 앞,987
2021-08-01,1365. 선잠단지 앞,341
2021-08-01,1366. 일신초등학교 옆,359
2021-08-01,1367. 길음문화복합미디어센터,372
2021-08-01,1368. 성신여대입구 교차로,1230
2021-08-01,1369. 미아사거리,1733
2021-08-01,1370. 복자사랑 피정의 집,404
2021-08-01,1372. KEB은행 고대점,1807
2021-08-01,1373. 성북구보건소 건너편,1039
2021-08-01,1375. 생명의 전화 종합복지관 앞 교차로,1503
2021-08-01,1376. 한국과학기술연구원 중문,244
2021-08-01,1377. 한국과학기술연구원 북문,295
2021-08-01,1379.길음뉴타운푸르지오아파트 3단지,159
2021-08-01,1380.월곡역 5번출구 앞,2377
2021-08-01,1381.석계역 4번출구 뒤,2081
2021-08-01,1382.래미안월곡아파트 입구,1211
2021-08-01,1384.성신여대입구역 5번출구,2088
2021-08-01,1385.성신여대입구역 3번출구 앞,1528
2021-08-01,1386.동선고가차도 초입,709
2021-08-01,1388.커핀그루나루,856
2021-08-01,1390.석관래미안아트리치,1707
2021-08-01,1391.성북청소년센터,625
2021-08-01,1392.돈암삼성풍림아파트,99
2021-08-01,1393.돈암육교 하단,173
2021-08-01,1394.길음뉴타운 래미안9단지,967
2021-08-01,1395.래미안장위포레카운티(102동),996
2021-08-01,1396.래미안장위퍼스트하이(513동),1322
2021-08-01,4406. 장곡초등학교 앞,936
2021-08-01,4408. 돌곶이역 앞,1358
2021-08-01,4411. 동산어린이공원 앞,30
2021-09-01,1302. 한성대입구역6번출구 뒤,737
2021-09-01,1303. 돈암초교 입구,870
2021-09-01,1304. 만해공원,340
2021-09-01,1305. 성북구청,1484
2021-09-01,1306. 한성대입구역2번출구,2305
2021-09-01,1308. 안암로터리 버스정류장 앞,5596
2021-09-01,1314. 정릉꿈에그린1단지 201동 앞,426
2021-09-01,1315. 고려사대부속중고 정문,392
2021-09-01,1316. 고려사대부속중고 건너편,505
2021-09-01,1318. 길음역 3번출구 뒤,1553
2021-09-01,1319. 종암사거리 분수대,2147
2021-09-01,1320. LG베스트샵 종암점,2468
2021-09-01,1321. 국민은행 종암동지점 앞,2880
2021-09-01,1322. 래미안라센트아파트 103동 앞,1348
2021-09-01,1323. 월곡역 입구 육교 밑,524
2021-09-01,1325. 상월곡역 4번출구,722
2021-09-01,1326. 상월곡역 1번출구,1029
2021-09-01,1327. 상월곡역 3번출구,1727
2021-09-01,1328. 월곡역 3번출구,2896
2021-09-01,1332. 석계역 5번출구 건너편,2705
2021-09-01,1333. 석관초등학교 앞,1682
2021-09-01,1334. 석관동주민센터 앞,1394
2021-09-01,1336. 성북3교 위,2152
2021-09-01,1337. 돈암성당 옆,2686
2021-09-01,1338. 용문2교 옆,1835
2021-09-01,1339. 삼성전자서비스 성북센터,1210
2021-09-01,1340. 광운초등학교 앞,771
2021-09-01,1342. 성북쉼터 앞,117
2021-09-01,1343. 한성대7번출구 앞,779
2021-09-01,1344. 아리랑시네센터 앞,616
2021-09-01,1346. 길음8골어린이공원 옆,1058
2021-09-01,1347. 길음래미안아파트817동 상가 앞,534
2021-09-01,1348. 성북제일새마을금고 본점 앞,872
2021-09-01,1349. 월계2교 버스정류장 앞,1084
2021-09-01,1351. 안암2교 옆,2779
2021-09-01,1352. e 편한세상 보문아파트 내,149
2021-09-01,1353. 금호어울림센터힐 내,345
2021-09-01,1354. 고려대학교 2번출구,2150
2021-09-01,1355. 보문2교,4207
2021-09-01,1357. 북한산보국문역,546
2021-09-01,1358. 정릉도서관 앞,902
2021-09-01,1359. 장위뉴타운 꿈에 숲 코오롱 하늘채 앞,2389
2021-09-01,1360. 정릉역,919
2021-09-01,1361. 홍익중고 입구,1159
2021-09-01,1362. 보문역6번출구 앞,1883
2021-09-01,1363. 보문4교 인근,3200
2021-09-01,1364. 성북동 치안센터 앞,860
2021-09-01,1365. 선잠단지 앞,369
2021-09-01,1366. 일신초등학교 옆,379
2021-09-01,1367. 길음문화복합미디어센터,438
2021-09-01,1368. 성신여대입구 교차로,1299
2021-09-01,1369. 미아사거리,2022
2021-09-01,1370. 복자사랑 피정의 집,286
2021-09-01,1372. KEB은행 고대점,568
2021-09-01,1373. 성북구보건소 건너편,1080
2021-09-01,1375. 생명의 전화 종합복지관 앞 교차로,1567
2021-09-01,1376. 한국과학기술연구원 중문,236
2021-09-01,1377. 한국과학기술연구원 북문,263
2021-09-01,1379.길음뉴타운푸르지오아파트 3단지,218
2021-09-01,1380.월곡역 5번출구 앞,2583
2021-09-01,1381.석계역 4번출구 뒤,2374
2021-09-01,1382.래미안월곡아파트 입구,1404
2021-09-01,1384.성신여대입구역 5번출구,2221
2021-09-01,1385.성신여대입구역 3번출구 앞,1547
2021-09-01,1386.동선고가차도 초입,647
2021-09-01,1388.커핀그루나루,990
2021-09-01,1390.석관래미안아트리치,1916
2021-09-01,1391.성북청소년센터,666
2021-09-01,1392.돈암삼성풍림아파트,241
2021-09-01,1393.돈암육교 하단,190
2021-09-01,1394.길음뉴타운 래미안9단지,1105
2021-09-01,1395.래미안장위포레카운티(102동),1113
2021-09-01,1396.래미안장위퍼스트하이(513동),1721
2021-09-01,4406. 장곡초등학교 앞,1091
2021-09-01,4408. 돌곶이역 앞,1655
2021-09-01,4411. 동산어린이공원 앞,554
2021-10-01,1302. 한성대입구역6번출구 뒤,641
2021-10-01,1303. 돈암초교 입구,990
2021-10-01,1304. 만해공원,297
2021-10-01,1305. 성북구청,1359
2021-10-01,1306. 한성대입구역2번출구,2099
2021-10-01,1308. 안암로터리 버스정류장 앞,5100
2021-10-01,1314. 정릉꿈에그린1단지 201동 앞,356
2021-10-01,1315. 고려사대부속중고 정문,323
2021-10-01,1316. 고려사대부속중고 건너편,399
2021-10-01,1318. 길음역 3번출구 뒤,1402
2021-10-01,1319. 종암사거리 분수대,1851
2021-10-01,1320. LG베스트샵 종암점,2162
2021-10-01,1321. 국민은행 종암동지점 앞,2489
2021-10-01,1322. 래미안라센트아파트 103동 앞,1454
2021-10-01,1323. 월곡역 입구 육교 밑,537
2021-10-01,1325. 상월곡역 4번출구,683
2021-10-01,1326. 상월곡역 1번출구,884
2021-10-01,1327. 상월곡역 3번출구,1537
2021-10-01,1328. 월곡역 3번출구,2658
2021-10-01,1332. 석계역 5번출구 건너편,2338
2021-10-01,1333. 석관초등학교 앞,1430
2021-10-01,1334. 석관동주민센터 앞,1342
2021-10-01,1336. 성북3교 위,1811
2021-10-01,1337. 돈암성당 옆,2324
2021-10-01,1338. 용문2교 옆,1565
2021-10-01,1339. 삼성전자서비스 성북센터,1159
2021-10-01,1340. 광운초등학교 앞,603
2021-10-01,1342. 성북쉼터 앞,123
2021-10-01,1343. 한성대7번출구 앞,765
2021-10-01,1344. 아리랑시네센터 앞,561
2021-10-01,1346. 길음8골어린이공원 옆,1047
2021-10-01,1347. 길음래미안아파트817동 상가 앞,421
2021-10-01,1348. 성북제일새마을금고 본점 앞,775
2021-10-01,1349. 월계2교 버스정류장 앞,913
2021-10-01,1351. 안암2교 옆,2689
2021-10-01,1352. e 편한세상 보문아파트 내,124
2021-10-01,1353. 금호어울림센터힐 내,344
2021-10-01,1354. 고려대학교 2번출구,1930
2021-10-01,1355. 보문2교,3406
2021-10-01,1357. 북한산보국문역,565
2021-10-01,1358. 정릉도서관 앞,799
2021-10-01,1359. 장위뉴타운 꿈에 숲 코오롱 하늘채 앞,1745
2021-10-01,1360. 정릉역,753
2021-10-01,1361. 홍익중고 입구,1021
2021-10-01,1362. 보문역6번출구 앞,1710
2021-10-01,1363. 보문4교 인근,2770
2021-10-01,1364. 성북동 치안센터 앞,764
2021-10-01,1365. 선잠단지 앞,337
2021-10-01,1367. 길음문화복합미디어센터,457
2021-10-01,1368. 성신여대입구 교차로,1173
2021-10-01,1369. 미아사거리,1947
2021-10-01,1370. 복자사랑 피정의 집,254
2021-10-01,1372. KEB은행 고대점,1380
2021-10-01,1373. 성북구보건소 건너편,862
2021-10-01,1375. 생명의 전화 종합복지관 앞 교차로,1489
2021-10-01,1376. 한국과학기술연구원 중문,204
2021-10-01,1377. 한국과학기술연구원 북문,188
2021-10-01,1379.길음뉴타운푸르지오아파트 3단지,189
2021-10-01,1380.월곡역 5번출구 앞,1976
2021-10-01,1381.석계역 4번출구 뒤,1893
2021-10-01,1382.래미안월곡아파트 입구,1320
2021-10-01,1384.성신여대입구역 5번출구,2102
2021-10-01,1385.성신여대입구역 3번출구 앞,1488
2021-10-01,1386.동선고가차도 초입,643
2021-10-01,1388.커핀그루나루,837
2021-10-01,1390.석관래미안아트리치,1706
2021-10-01,1391.성북청소년센터,568
2021-10-01,1392.돈암삼성풍림아파트,148
2021-10-01,1393.돈암육교 하단,223
2021-10-01,1394.길음뉴타운 래미안9단지,971
2021-10-01,1395.래미안장위포레카운티(102동),942
2021-10-01,1396.래미안장위퍼스트하이(513동),1530
2021-10-01,4406. 장곡초등학교 앞,980
2021-10-01,4408. 돌곶이역 앞,1638
2021-10-01,4411. 동산어린이공원 앞,671
2021-10-01,4414. 안암역 3번 출구,220
2021-11-01,1302. 한성대입구역6번출구 뒤,638
2021-11-01,1303. 돈암초교 입구,711
2021-11-01,1304. 만해공원,336
2021-11-01,1305. 성북구청,1043
2021-11-01,1306. 한성대입구역2번출구,1709
2021-11-01,1308. 안암로터리 버스정류장 앞,4632
2021-11-01,1314. 정릉꿈에그린1단지 201동 앞,305
2021-11-01,1315. 고려사대부속중고 정문,323
2021-11-01,1316. 고려사대부속중고 건너편,420
2021-11-01,1318. 길음역 3번출구 뒤,1196
2021-11-01,1319. 종암사거리 분수대,1407
2021-11-01,1320. LG베스트샵 종암점,1800
2021-11-01,1321. 국민은행 종암동지점 앞,1978
2021-11-01,1322. 래미안라센트아파트 103동 앞,1295
2021-11-01,1323. 월곡역 입구 육교 밑,406
2021-11-01,1325. 상월곡역 4번출구,579
2021-11-01,1326. 상월곡역 1번출구,831
2021-11-01,1327. 상월곡역 3번출구,1283
2021-11-01,1328. 월곡역 3번출구,2371
2021-11-01,1332. 석계역 5번출구 건너편,1518
2021-11-01,1333. 석관초등학교 앞,1132
2021-11-01,1334. 석관동주민센터 앞,978
2021-11-01,1336. 성북3교 위,1363
2021-11-01,1337. 돈암성당 옆,1749
2021-11-01,1338. 용문2교 옆,1143
2021-11-01,1339. 삼성전자서비스 성북센터,918
2021-11-01,1340. 광운초등학교 앞,537
2021-11-01,1342. 성북쉼터 앞,215
2021-11-01,1343. 한성대7번출구 앞,665
2021-11-01,1344. 아리랑시네센터 앞,741
2021-11-01,1346. 길음8골어린이공원 옆,779
2021-11-01,1347. 길음래미안아파트817동 상가 앞,392
2021-11-01,1348. 성북제일새마을금고 본점 앞,583
2021-11-01,1349. 월계2교 버스정류장 앞,719
2021-11-01,1351. 안암2교 옆,2234
2021-11-01,1352. e 편한세상 보문아파트 내,139
2021-11-01,1353. 금호어울림센터힐 내,360
2021-11-01,1354. 고려대학교 2번출구,1496
2021-11-01,1355. 보문2교,2279
2021-11-01,1357. 북한산보국문역,500
2021-11-01,1358. 정릉도서관 앞,651
2021-11-01,1359. 장위뉴타운 꿈에 숲 코오롱 하늘채 앞,1226
2021-11-01,1360. 정릉역,639
2021-11-01,1361. 홍익중고 입구,716
2021-11-01,1362. 보문역6번출구 앞,1401
2021-11-01,1363. 보문4교 인근,2189
2021-11-01,1364. 성북동 치안센터 앞,813
2021-11-01,1365. 선잠단지 앞,402
2021-11-01,1367. 길음문화복합미디어센터,402
2021-11-01,1368. 성신여대입구 교차로,929
2021-11-01,1369. 미아사거리,1445
2021-11-01,1370. 복자사랑 피정의 집,347
2021-11-01,1372. KEB은행 고대점,1170
2021-11-01,1373. 성북구보건소 건너편,775
2021-11-01,1375. 생명의 전화 종합복지관 앞 교차로,1105
2021-11-01,1377. 한국과학기술연구원 북문,243
2021-11-01,1379.길음뉴타운푸르지오아파트 3단지,250
2021-11-01,1380.월곡역 5번출구 앞,1556
2021-11-01,1381.석계역 4번출구 뒤,1455
2021-11-01,1382.래미안월곡아파트 입구,987
2021-11-01,1384.성신여대입구역 5번출구,1659
2021-11-01,1385.성신여대입구역 3번출구 앞,1286
2021-11-01,1386.동선고가차도 초입,458
2021-11-01,1388.커핀그루나루,765
2021-11-01,1390.석관래미안아트리치,1439
2021-11-01,1391.성북청소년센터,485
2021-11-01,1392.돈암삼성풍림아파트,152
2021-11-01,1393.돈암육교 하단,309
2021-11-01,1394.길음뉴타운 래미안9단지,722
2021-11-01,1395.래미안장위포레카운티(102동),698
2021-11-01,1396.래미안장위퍼스트하이(513동),1098
2021-11-01,4406. 장곡초등학교 앞,854
2021-11-01,4408. 돌곶이역 앞,1379
2021-11-01,4411. 동산어린이공원 앞,536
2021-11-01,4414. 안암역 3번 출구,365
2021-12-01,1302. 한성대입구역6번출구 뒤,424
2021-12-01,1303. 돈암초교 입구,463
2021-12-01,1304. 만해공원,230
2021-12-01,1305. 성북구청,647
2021-12-01,1306. 한성대입구역2번출구,1085
2021-12-01,1308. 안암로터리 버스정류장 앞,3168
2021-12-01,1314. 정릉꿈에그린1단지 201동 앞,173
2021-12-01,1315. 고려사대부속중고 정문,253
2021-12-01,1316. 고려사대부속중고 건너편,296
2021-12-01,1318. 길음역 3번출구 뒤,785
2021-12-01,1319. 종암사거리 분수대,1166
2021-12-01,1320. LG베스트샵 종암점,51
2021-12-01,1321. 국민은행 종암동지점 앞,1561
2021-12-01,1322. 래미안라센트아파트 103동 앞,837
2021-12-01,1323. 월곡역 입구 육교 밑,245
2021-12-01,1325. 상월곡역 4번출구,375
2021-12-01,1326. 상월곡역 1번출구,472
2021-12-01,1327. 상월곡역 3번출구,831
2021-12-01,1328. 월곡역 3번출구,1546
2021-12-01,1332. 석계역 5번출구 건너편,896
2021-12-01,1333. 석관초등학교 앞,690
2021-12-01,1334. 석관동주민센터 앞,605
2021-12-01,1336. 성북3교 위,939
2021-12-01,1337. 돈암성당 옆,1006
2021-12-01,1338. 용문2교 옆,832
2021-12-01,1339. 삼성전자서비스 성북센터,486
2021-12-01,1340. 광운초등학교 앞,383
2021-12-01,1342. 성북쉼터 앞,161
2021-12-01,1343. 한성대7번출구 앞,454
2021-12-01,1344. 아리랑시네센터 앞,596
2021-12-01,1346. 길음8골어린이공원 옆,525
2021-12-01,1347. 길음래미안아파트817동 상가 앞,247
2021-12-01,1348. 성북제일새마을금고 본점 앞,347
2021-12-01,1349. 월계2교 버스정류장 앞,418
2021-12-01,1351. 안암2교 옆,1342
2021-12-01,1352. e 편한세상 보문아파트 내,138
2021-12-01,1353. 금호어울림센터힐 내,296
2021-12-01,1354. 고려대학교 2번출구,1031
2021-12-01,1355. 보문2교,1291
2021-12-01,1357. 북한산보국문역,309
2021-12-01,1358. 정릉도서관 앞,431
2021-12-01,1359. 장위뉴타운 꿈에 숲 코오롱 하늘채 앞,677
2021-12-01,1360. 정릉역,413
2021-12-01,1361. 홍익중고 입구,626
2021-12-01,1362. 보문역6번출구 앞,855
2021-12-01,1363. 보문4교 인근,1432
2021-12-01,1364. 성북동 치안센터 앞,531
2021-12-01,1365. 선잠단지 앞,234
2021-12-01,1367. 길음문화복합미디어센터,279
2021-12-01,1368. 성신여대입구 교차로,495
2021-12-01,1369. 미아사거리,962
2021-12-01,1370. 복자사랑 피정의 집,248
2021-12-01,1372. KEB은행 고대점,734
2021-12-01,1373. 성북구보건소 건너편,588
2021-12-01,1375. 생명의 전화 종합복지관 앞 교차로,742
2021-12-01,1377. 한국과학기술연구원 북문,132
2021-12-01,1379.길음뉴타운푸르지오아파트 3단지,232
2021-12-01,1380.월곡역 5번출구 앞,896
2021-12-01,1381.석계역 4번출구 뒤,954
2021-12-01,1382.래미안월곡아파트 입구,651
2021-12-01,1384.성신여대입구역 5번출구,1006
2021-12-01,1385.성신여대입구역 3번출구 앞,779
2021-12-01,1386.동선고가차도 초입,298
2021-12-01,1388.커핀그루나루,461
2021-12-01,1390.석관래미안아트리치,895
2021-12-01,1391.성북청소년센터,339
2021-12-01,1392.돈암삼성풍림아파트,128
2021-12-01,1393.돈암육교 하단,189
2021-12-01,1394.길음뉴타운 래미안9단지,431
2021-12-01,1395.래미안장위포레카운티(102동),448
2021-12-01,1396.래미안장위퍼스트하이(513동),681
2021-12-01,4406. 장곡초등학교 앞,588
2021-12-01,4408. 돌곶이역 앞,926
2021-12-01,4411. 동산어린이공원 앞,405
2021-12-01,4414. 안암역 3번 출구,324
2021-12-01,4415. 미아초교버스승강장,79
